symbol,date,label,mode,n_ticks,turnover_usdt,entry_time_utc,entry_price,peak_time_utc,peak_price,max_short_move_pct,max_runup_pct,mfe_after_entry_pct,mae_after_entry_pct,sell_share_after_peak_pct,entry_to_day_end_minutes,tp_pct,sl_pct,outcome,exit_time_utc,exit_price,pnl_underlying_pct,minutes_to_exit
EIGENUSDT,2026-03-18,winner,weak,94761,6640840.7586,2026-03-18T05:40:00+00:00,0.21772,2026-03-18T05:00:00+00:00,0.22076,10.414024279760826,3.8681296455478575,9.163145324269701,0.25721109682160803,51.98548947570051,1099.98955,3.0,1.0,tp,2026-03-18T10:44:54.457000+00:00,0.2111884,2.999999999999999,304.9076166666666
EIGENUSDT,2026-03-18,winner,weak,94761,6640840.7586,2026-03-18T05:40:00+00:00,0.21772,2026-03-18T05:00:00+00:00,0.22076,10.414024279760826,3.8681296455478575,9.163145324269701,0.25721109682160803,51.98548947570051,1099.98955,3.0,1.5,tp,2026-03-18T10:44:54.457000+00:00,0.2111884,2.999999999999999,304.9076166666666
EIGENUSDT,2026-03-18,winner,weak,94761,6640840.7586,2026-03-18T05:40:00+00:00,0.21772,2026-03-18T05:00:00+00:00,0.22076,10.414024279760826,3.8681296455478575,9.163145324269701,0.25721109682160803,51.98548947570051,1099.98955,3.0,2.0,tp,2026-03-18T10:44:54.457000+00:00,0.2111884,2.999999999999999,304.9076166666666
EIGENUSDT,2026-03-18,winner,weak,94761,6640840.7586,2026-03-18T05:40:00+00:00,0.21772,2026-03-18T05:00:00+00:00,0.22076,10.414024279760826,3.8681296455478575,9.163145324269701,0.25721109682160803,51.98548947570051,1099.98955,3.0,2.5,tp,2026-03-18T10:44:54.457000+00:00,0.2111884,2.999999999999999,304.9076166666666
EIGENUSDT,2026-03-18,winner,weak,94761,6640840.7586,2026-03-18T05:40:00+00:00,0.21772,2026-03-18T05:00:00+00:00,0.22076,10.414024279760826,3.8681296455478575,9.163145324269701,0.25721109682160803,51.98548947570051,1099.98955,3.0,3.0,tp,2026-03-18T10:44:54.457000+00:00,0.2111884,2.999999999999999,304.9076166666666
EIGENUSDT,2026-03-18,winner,weak,94761,6640840.7586,2026-03-18T05:40:00+00:00,0.21772,2026-03-18T05:00:00+00:00,0.22076,10.414024279760826,3.8681296455478575,9.163145324269701,0.25721109682160803,51.98548947570051,1099.98955,3.0,4.0,tp,2026-03-18T10:44:54.457000+00:00,0.2111884,2.999999999999999,304.9076166666666
EIGENUSDT,2026-03-18,winner,weak,94761,6640840.7586,2026-03-18T05:40:00+00:00,0.21772,2026-03-18T05:00:00+00:00,0.22076,10.414024279760826,3.8681296455478575,9.163145324269701,0.25721109682160803,51.98548947570051,1099.98955,3.0,5.0,tp,2026-03-18T10:44:54.457000+00:00,0.2111884,2.999999999999999,304.9076166666666
EIGENUSDT,2026-03-18,winner,weak,94761,6640840.7586,2026-03-18T05:40:00+00:00,0.21772,2026-03-18T05:00:00+00:00,0.22076,10.414024279760826,3.8681296455478575,9.163145324269701,0.25721109682160803,51.98548947570051,1099.98955,3.0,7.000000000000001,tp,2026-03-18T10:44:54.457000+00:00,0.2111884,2.999999999999999,304.9076166666666
EIGENUSDT,2026-03-18,winner,weak,94761,6640840.7586,2026-03-18T05:40:00+00:00,0.21772,2026-03-18T05:00:00+00:00,0.22076,10.414024279760826,3.8681296455478575,9.163145324269701,0.25721109682160803,51.98548947570051,1099.98955,4.0,1.0,tp,2026-03-18T12:40:51.831000+00:00,0.20901119999999998,4.000000000000008,420.86384999999996
EIGENUSDT,2026-03-18,winner,weak,94761,6640840.7586,2026-03-18T05:40:00+00:00,0.21772,2026-03-18T05:00:00+00:00,0.22076,10.414024279760826,3.8681296455478575,9.163145324269701,0.25721109682160803,51.98548947570051,1099.98955,4.0,1.5,tp,2026-03-18T12:40:51.831000+00:00,0.20901119999999998,4.000000000000008,420.86384999999996
EIGENUSDT,2026-03-18,winner,weak,94761,6640840.7586,2026-03-18T05:40:00+00:00,0.21772,2026-03-18T05:00:00+00:00,0.22076,10.414024279760826,3.8681296455478575,9.163145324269701,0.25721109682160803,51.98548947570051,1099.98955,4.0,2.0,tp,2026-03-18T12:40:51.831000+00:00,0.20901119999999998,4.000000000000008,420.86384999999996
EIGENUSDT,2026-03-18,winner,weak,94761,6640840.7586,2026-03-18T05:40:00+00:00,0.21772,2026-03-18T05:00:00+00:00,0.22076,10.414024279760826,3.8681296455478575,9.163145324269701,0.25721109682160803,51.98548947570051,1099.98955,4.0,2.5,tp,2026-03-18T12:40:51.831000+00:00,0.20901119999999998,4.000000000000008,420.86384999999996
EIGENUSDT,2026-03-18,winner,weak,94761,6640840.7586,2026-03-18T05:40:00+00:00,0.21772,2026-03-18T05:00:00+00:00,0.22076,10.414024279760826,3.8681296455478575,9.163145324269701,0.25721109682160803,51.98548947570051,1099.98955,4.0,3.0,tp,2026-03-18T12:40:51.831000+00:00,0.20901119999999998,4.000000000000008,420.86384999999996
EIGENUSDT,2026-03-18,winner,weak,94761,6640840.7586,2026-03-18T05:40:00+00:00,0.21772,2026-03-18T05:00:00+00:00,0.22076,10.414024279760826,3.8681296455478575,9.163145324269701,0.25721109682160803,51.98548947570051,1099.98955,4.0,4.0,tp,2026-03-18T12:40:51.831000+00:00,0.20901119999999998,4.000000000000008,420.86384999999996
EIGENUSDT,2026-03-18,winner,weak,94761,6640840.7586,2026-03-18T05:40:00+00:00,0.21772,2026-03-18T05:00:00+00:00,0.22076,10.414024279760826,3.8681296455478575,9.163145324269701,0.25721109682160803,51.98548947570051,1099.98955,4.0,5.0,tp,2026-03-18T12:40:51.831000+00:00,0.20901119999999998,4.000000000000008,420.86384999999996
EIGENUSDT,2026-03-18,winner,weak,94761,6640840.7586,2026-03-18T05:40:00+00:00,0.21772,2026-03-18T05:00:00+00:00,0.22076,10.414024279760826,3.8681296455478575,9.163145324269701,0.25721109682160803,51.98548947570051,1099.98955,4.0,7.000000000000001,tp,2026-03-18T12:40:51.831000+00:00,0.20901119999999998,4.000000000000008,420.86384999999996
EIGENUSDT,2026-03-18,winner,weak,94761,6640840.7586,2026-03-18T05:40:00+00:00,0.21772,2026-03-18T05:00:00+00:00,0.22076,10.414024279760826,3.8681296455478575,9.163145324269701,0.25721109682160803,51.98548947570051,1099.98955,5.0,1.0,tp,2026-03-18T13:45:16.437000+00:00,0.206834,5.000000000000003,485.27395
EIGENUSDT,2026-03-18,winner,weak,94761,6640840.7586,2026-03-18T05:40:00+00:00,0.21772,2026-03-18T05:00:00+00:00,0.22076,10.414024279760826,3.8681296455478575,9.163145324269701,0.25721109682160803,51.98548947570051,1099.98955,5.0,1.5,tp,2026-03-18T13:45:16.437000+00:00,0.206834,5.000000000000003,485.27395
EIGENUSDT,2026-03-18,winner,weak,94761,6640840.7586,2026-03-18T05:40:00+00:00,0.21772,2026-03-18T05:00:00+00:00,0.22076,10.414024279760826,3.8681296455478575,9.163145324269701,0.25721109682160803,51.98548947570051,1099.98955,5.0,2.0,tp,2026-03-18T13:45:16.437000+00:00,0.206834,5.000000000000003,485.27395
EIGENUSDT,2026-03-18,winner,weak,94761,6640840.7586,2026-03-18T05:40:00+00:00,0.21772,2026-03-18T05:00:00+00:00,0.22076,10.414024279760826,3.8681296455478575,9.163145324269701,0.25721109682160803,51.98548947570051,1099.98955,5.0,2.5,tp,2026-03-18T13:45:16.437000+00:00,0.206834,5.000000000000003,485.27395
EIGENUSDT,2026-03-18,winner,weak,94761,6640840.7586,2026-03-18T05:40:00+00:00,0.21772,2026-03-18T05:00:00+00:00,0.22076,10.414024279760826,3.8681296455478575,9.163145324269701,0.25721109682160803,51.98548947570051,1099.98955,5.0,3.0,tp,2026-03-18T13:45:16.437000+00:00,0.206834,5.000000000000003,485.27395
EIGENUSDT,2026-03-18,winner,weak,94761,6640840.7586,2026-03-18T05:40:00+00:00,0.21772,2026-03-18T05:00:00+00:00,0.22076,10.414024279760826,3.8681296455478575,9.163145324269701,0.25721109682160803,51.98548947570051,1099.98955,5.0,4.0,tp,2026-03-18T13:45:16.437000+00:00,0.206834,5.000000000000003,485.27395
EIGENUSDT,2026-03-18,winner,weak,94761,6640840.7586,2026-03-18T05:40:00+00:00,0.21772,2026-03-18T05:00:00+00:00,0.22076,10.414024279760826,3.8681296455478575,9.163145324269701,0.25721109682160803,51.98548947570051,1099.98955,5.0,5.0,tp,2026-03-18T13:45:16.437000+00:00,0.206834,5.000000000000003,485.27395
EIGENUSDT,2026-03-18,winner,weak,94761,6640840.7586,2026-03-18T05:40:00+00:00,0.21772,2026-03-18T05:00:00+00:00,0.22076,10.414024279760826,3.8681296455478575,9.163145324269701,0.25721109682160803,51.98548947570051,1099.98955,5.0,7.000000000000001,tp,2026-03-18T13:45:16.437000+00:00,0.206834,5.000000000000003,485.27395
EIGENUSDT,2026-03-18,winner,weak,94761,6640840.7586,2026-03-18T05:40:00+00:00,0.21772,2026-03-18T05:00:00+00:00,0.22076,10.414024279760826,3.8681296455478575,9.163145324269701,0.25721109682160803,51.98548947570051,1099.98955,6.0,1.0,tp,2026-03-18T14:18:32.793000+00:00,0.20465679999999997,6.0000000000000115,518.54655
EIGENUSDT,2026-03-18,winner,weak,94761,6640840.7586,2026-03-18T05:40:00+00:00,0.21772,2026-03-18T05:00:00+00:00,0.22076,10.414024279760826,3.8681296455478575,9.163145324269701,0.25721109682160803,51.98548947570051,1099.98955,6.0,1.5,tp,2026-03-18T14:18:32.793000+00:00,0.20465679999999997,6.0000000000000115,518.54655
EIGENUSDT,2026-03-18,winner,weak,94761,6640840.7586,2026-03-18T05:40:00+00:00,0.21772,2026-03-18T05:00:00+00:00,0.22076,10.414024279760826,3.8681296455478575,9.163145324269701,0.25721109682160803,51.98548947570051,1099.98955,6.0,2.0,tp,2026-03-18T14:18:32.793000+00:00,0.20465679999999997,6.0000000000000115,518.54655
EIGENUSDT,2026-03-18,winner,weak,94761,6640840.7586,2026-03-18T05:40:00+00:00,0.21772,2026-03-18T05:00:00+00:00,0.22076,10.414024279760826,3.8681296455478575,9.163145324269701,0.25721109682160803,51.98548947570051,1099.98955,6.0,2.5,tp,2026-03-18T14:18:32.793000+00:00,0.20465679999999997,6.0000000000000115,518.54655
EIGENUSDT,2026-03-18,winner,weak,94761,6640840.7586,2026-03-18T05:40:00+00:00,0.21772,2026-03-18T05:00:00+00:00,0.22076,10.414024279760826,3.8681296455478575,9.163145324269701,0.25721109682160803,51.98548947570051,1099.98955,6.0,3.0,tp,2026-03-18T14:18:32.793000+00:00,0.20465679999999997,6.0000000000000115,518.54655
EIGENUSDT,2026-03-18,winner,weak,94761,6640840.7586,2026-03-18T05:40:00+00:00,0.21772,2026-03-18T05:00:00+00:00,0.22076,10.414024279760826,3.8681296455478575,9.163145324269701,0.25721109682160803,51.98548947570051,1099.98955,6.0,4.0,tp,2026-03-18T14:18:32.793000+00:00,0.20465679999999997,6.0000000000000115,518.54655
EIGENUSDT,2026-03-18,winner,weak,94761,6640840.7586,2026-03-18T05:40:00+00:00,0.21772,2026-03-18T05:00:00+00:00,0.22076,10.414024279760826,3.8681296455478575,9.163145324269701,0.25721109682160803,51.98548947570051,1099.98955,6.0,5.0,tp,2026-03-18T14:18:32.793000+00:00,0.20465679999999997,6.0000000000000115,518.54655
EIGENUSDT,2026-03-18,winner,weak,94761,6640840.7586,2026-03-18T05:40:00+00:00,0.21772,2026-03-18T05:00:00+00:00,0.22076,10.414024279760826,3.8681296455478575,9.163145324269701,0.25721109682160803,51.98548947570051,1099.98955,6.0,7.000000000000001,tp,2026-03-18T14:18:32.793000+00:00,0.20465679999999997,6.0000000000000115,518.54655
EIGENUSDT,2026-03-18,winner,weak,94761,6640840.7586,2026-03-18T05:40:00+00:00,0.21772,2026-03-18T05:00:00+00:00,0.22076,10.414024279760826,3.8681296455478575,9.163145324269701,0.25721109682160803,51.98548947570051,1099.98955,7.000000000000001,1.0,tp,2026-03-18T14:40:35.177000+00:00,0.20247959999999998,7.000000000000008,540.5862833333333
EIGENUSDT,2026-03-18,winner,weak,94761,6640840.7586,2026-03-18T05:40:00+00:00,0.21772,2026-03-18T05:00:00+00:00,0.22076,10.414024279760826,3.8681296455478575,9.163145324269701,0.25721109682160803,51.98548947570051,1099.98955,7.000000000000001,1.5,tp,2026-03-18T14:40:35.177000+00:00,0.20247959999999998,7.000000000000008,540.5862833333333
EIGENUSDT,2026-03-18,winner,weak,94761,6640840.7586,2026-03-18T05:40:00+00:00,0.21772,2026-03-18T05:00:00+00:00,0.22076,10.414024279760826,3.8681296455478575,9.163145324269701,0.25721109682160803,51.98548947570051,1099.98955,7.000000000000001,2.0,tp,2026-03-18T14:40:35.177000+00:00,0.20247959999999998,7.000000000000008,540.5862833333333
EIGENUSDT,2026-03-18,winner,weak,94761,6640840.7586,2026-03-18T05:40:00+00:00,0.21772,2026-03-18T05:00:00+00:00,0.22076,10.414024279760826,3.8681296455478575,9.163145324269701,0.25721109682160803,51.98548947570051,1099.98955,7.000000000000001,2.5,tp,2026-03-18T14:40:35.177000+00:00,0.20247959999999998,7.000000000000008,540.5862833333333
EIGENUSDT,2026-03-18,winner,weak,94761,6640840.7586,2026-03-18T05:40:00+00:00,0.21772,2026-03-18T05:00:00+00:00,0.22076,10.414024279760826,3.8681296455478575,9.163145324269701,0.25721109682160803,51.98548947570051,1099.98955,7.000000000000001,3.0,tp,2026-03-18T14:40:35.177000+00:00,0.20247959999999998,7.000000000000008,540.5862833333333
EIGENUSDT,2026-03-18,winner,weak,94761,6640840.7586,2026-03-18T05:40:00+00:00,0.21772,2026-03-18T05:00:00+00:00,0.22076,10.414024279760826,3.8681296455478575,9.163145324269701,0.25721109682160803,51.98548947570051,1099.98955,7.000000000000001,4.0,tp,2026-03-18T14:40:35.177000+00:00,0.20247959999999998,7.000000000000008,540.5862833333333
EIGENUSDT,2026-03-18,winner,weak,94761,6640840.7586,2026-03-18T05:40:00+00:00,0.21772,2026-03-18T05:00:00+00:00,0.22076,10.414024279760826,3.8681296455478575,9.163145324269701,0.25721109682160803,51.98548947570051,1099.98955,7.000000000000001,5.0,tp,2026-03-18T14:40:35.177000+00:00,0.20247959999999998,7.000000000000008,540.5862833333333
EIGENUSDT,2026-03-18,winner,weak,94761,6640840.7586,2026-03-18T05:40:00+00:00,0.21772,2026-03-18T05:00:00+00:00,0.22076,10.414024279760826,3.8681296455478575,9.163145324269701,0.25721109682160803,51.98548947570051,1099.98955,7.000000000000001,7.000000000000001,tp,2026-03-18T14:40:35.177000+00:00,0.20247959999999998,7.000000000000008,540.5862833333333
EIGENUSDT,2026-03-18,winner,weak,94761,6640840.7586,2026-03-18T05:40:00+00:00,0.21772,2026-03-18T05:00:00+00:00,0.22076,10.414024279760826,3.8681296455478575,9.163145324269701,0.25721109682160803,51.98548947570051,1099.98955,8.0,1.0,tp,2026-03-18T14:57:51.285000+00:00,0.20030240000000002,7.99999999999999,557.8547500000001
EIGENUSDT,2026-03-18,winner,weak,94761,6640840.7586,2026-03-18T05:40:00+00:00,0.21772,2026-03-18T05:00:00+00:00,0.22076,10.414024279760826,3.8681296455478575,9.163145324269701,0.25721109682160803,51.98548947570051,1099.98955,8.0,1.5,tp,2026-03-18T14:57:51.285000+00:00,0.20030240000000002,7.99999999999999,557.8547500000001
EIGENUSDT,2026-03-18,winner,weak,94761,6640840.7586,2026-03-18T05:40:00+00:00,0.21772,2026-03-18T05:00:00+00:00,0.22076,10.414024279760826,3.8681296455478575,9.163145324269701,0.25721109682160803,51.98548947570051,1099.98955,8.0,2.0,tp,2026-03-18T14:57:51.285000+00:00,0.20030240000000002,7.99999999999999,557.8547500000001
EIGENUSDT,2026-03-18,winner,weak,94761,6640840.7586,2026-03-18T05:40:00+00:00,0.21772,2026-03-18T05:00:00+00:00,0.22076,10.414024279760826,3.8681296455478575,9.163145324269701,0.25721109682160803,51.98548947570051,1099.98955,8.0,2.5,tp,2026-03-18T14:57:51.285000+00:00,0.20030240000000002,7.99999999999999,557.8547500000001
EIGENUSDT,2026-03-18,winner,weak,94761,6640840.7586,2026-03-18T05:40:00+00:00,0.21772,2026-03-18T05:00:00+00:00,0.22076,10.414024279760826,3.8681296455478575,9.163145324269701,0.25721109682160803,51.98548947570051,1099.98955,8.0,3.0,tp,2026-03-18T14:57:51.285000+00:00,0.20030240000000002,7.99999999999999,557.8547500000001
EIGENUSDT,2026-03-18,winner,weak,94761,6640840.7586,2026-03-18T05:40:00+00:00,0.21772,2026-03-18T05:00:00+00:00,0.22076,10.414024279760826,3.8681296455478575,9.163145324269701,0.25721109682160803,51.98548947570051,1099.98955,8.0,4.0,tp,2026-03-18T14:57:51.285000+00:00,0.20030240000000002,7.99999999999999,557.8547500000001
EIGENUSDT,2026-03-18,winner,weak,94761,6640840.7586,2026-03-18T05:40:00+00:00,0.21772,2026-03-18T05:00:00+00:00,0.22076,10.414024279760826,3.8681296455478575,9.163145324269701,0.25721109682160803,51.98548947570051,1099.98955,8.0,5.0,tp,2026-03-18T14:57:51.285000+00:00,0.20030240000000002,7.99999999999999,557.8547500000001
EIGENUSDT,2026-03-18,winner,weak,94761,6640840.7586,2026-03-18T05:40:00+00:00,0.21772,2026-03-18T05:00:00+00:00,0.22076,10.414024279760826,3.8681296455478575,9.163145324269701,0.25721109682160803,51.98548947570051,1099.98955,8.0,7.000000000000001,tp,2026-03-18T14:57:51.285000+00:00,0.20030240000000002,7.99999999999999,557.8547500000001
EIGENUSDT,2026-03-18,winner,weak,94761,6640840.7586,2026-03-18T05:40:00+00:00,0.21772,2026-03-18T05:00:00+00:00,0.22076,10.414024279760826,3.8681296455478575,9.163145324269701,0.25721109682160803,51.98548947570051,1099.98955,10.0,1.0,eod,2026-03-18T23:59:59.373000+00:00,0.20323,6.655337130259049,1099.98955
EIGENUSDT,2026-03-18,winner,weak,94761,6640840.7586,2026-03-18T05:40:00+00:00,0.21772,2026-03-18T05:00:00+00:00,0.22076,10.414024279760826,3.8681296455478575,9.163145324269701,0.25721109682160803,51.98548947570051,1099.98955,10.0,1.5,eod,2026-03-18T23:59:59.373000+00:00,0.20323,6.655337130259049,1099.98955
EIGENUSDT,2026-03-18,winner,weak,94761,6640840.7586,2026-03-18T05:40:00+00:00,0.21772,2026-03-18T05:00:00+00:00,0.22076,10.414024279760826,3.8681296455478575,9.163145324269701,0.25721109682160803,51.98548947570051,1099.98955,10.0,2.0,eod,2026-03-18T23:59:59.373000+00:00,0.20323,6.655337130259049,1099.98955
EIGENUSDT,2026-03-18,winner,weak,94761,6640840.7586,2026-03-18T05:40:00+00:00,0.21772,2026-03-18T05:00:00+00:00,0.22076,10.414024279760826,3.8681296455478575,9.163145324269701,0.25721109682160803,51.98548947570051,1099.98955,10.0,2.5,eod,2026-03-18T23:59:59.373000+00:00,0.20323,6.655337130259049,1099.98955
EIGENUSDT,2026-03-18,winner,weak,94761,6640840.7586,2026-03-18T05:40:00+00:00,0.21772,2026-03-18T05:00:00+00:00,0.22076,10.414024279760826,3.8681296455478575,9.163145324269701,0.25721109682160803,51.98548947570051,1099.98955,10.0,3.0,eod,2026-03-18T23:59:59.373000+00:00,0.20323,6.655337130259049,1099.98955
EIGENUSDT,2026-03-18,winner,weak,94761,6640840.7586,2026-03-18T05:40:00+00:00,0.21772,2026-03-18T05:00:00+00:00,0.22076,10.414024279760826,3.8681296455478575,9.163145324269701,0.25721109682160803,51.98548947570051,1099.98955,10.0,4.0,eod,2026-03-18T23:59:59.373000+00:00,0.20323,6.655337130259049,1099.98955
EIGENUSDT,2026-03-18,winner,weak,94761,6640840.7586,2026-03-18T05:40:00+00:00,0.21772,2026-03-18T05:00:00+00:00,0.22076,10.414024279760826,3.8681296455478575,9.163145324269701,0.25721109682160803,51.98548947570051,1099.98955,10.0,5.0,eod,2026-03-18T23:59:59.373000+00:00,0.20323,6.655337130259049,1099.98955
EIGENUSDT,2026-03-18,winner,weak,94761,6640840.7586,2026-03-18T05:40:00+00:00,0.21772,2026-03-18T05:00:00+00:00,0.22076,10.414024279760826,3.8681296455478575,9.163145324269701,0.25721109682160803,51.98548947570051,1099.98955,10.0,7.000000000000001,eod,2026-03-18T23:59:59.373000+00:00,0.20323,6.655337130259049,1099.98955
EIGENUSDT,2026-03-18,winner,weak,94761,6640840.7586,2026-03-18T05:40:00+00:00,0.21772,2026-03-18T05:00:00+00:00,0.22076,10.414024279760826,3.8681296455478575,9.163145324269701,0.25721109682160803,51.98548947570051,1099.98955,12.0,1.0,eod,2026-03-18T23:59:59.373000+00:00,0.20323,6.655337130259049,1099.98955
EIGENUSDT,2026-03-18,winner,weak,94761,6640840.7586,2026-03-18T05:40:00+00:00,0.21772,2026-03-18T05:00:00+00:00,0.22076,10.414024279760826,3.8681296455478575,9.163145324269701,0.25721109682160803,51.98548947570051,1099.98955,12.0,1.5,eod,2026-03-18T23:59:59.373000+00:00,0.20323,6.655337130259049,1099.98955
EIGENUSDT,2026-03-18,winner,weak,94761,6640840.7586,2026-03-18T05:40:00+00:00,0.21772,2026-03-18T05:00:00+00:00,0.22076,10.414024279760826,3.8681296455478575,9.163145324269701,0.25721109682160803,51.98548947570051,1099.98955,12.0,2.0,eod,2026-03-18T23:59:59.373000+00:00,0.20323,6.655337130259049,1099.98955
EIGENUSDT,2026-03-18,winner,weak,94761,6640840.7586,2026-03-18T05:40:00+00:00,0.21772,2026-03-18T05:00:00+00:00,0.22076,10.414024279760826,3.8681296455478575,9.163145324269701,0.25721109682160803,51.98548947570051,1099.98955,12.0,2.5,eod,2026-03-18T23:59:59.373000+00:00,0.20323,6.655337130259049,1099.98955
EIGENUSDT,2026-03-18,winner,weak,94761,6640840.7586,2026-03-18T05:40:00+00:00,0.21772,2026-03-18T05:00:00+00:00,0.22076,10.414024279760826,3.8681296455478575,9.163145324269701,0.25721109682160803,51.98548947570051,1099.98955,12.0,3.0,eod,2026-03-18T23:59:59.373000+00:00,0.20323,6.655337130259049,1099.98955
EIGENUSDT,2026-03-18,winner,weak,94761,6640840.7586,2026-03-18T05:40:00+00:00,0.21772,2026-03-18T05:00:00+00:00,0.22076,10.414024279760826,3.8681296455478575,9.163145324269701,0.25721109682160803,51.98548947570051,1099.98955,12.0,4.0,eod,2026-03-18T23:59:59.373000+00:00,0.20323,6.655337130259049,1099.98955
EIGENUSDT,2026-03-18,winner,weak,94761,6640840.7586,2026-03-18T05:40:00+00:00,0.21772,2026-03-18T05:00:00+00:00,0.22076,10.414024279760826,3.8681296455478575,9.163145324269701,0.25721109682160803,51.98548947570051,1099.98955,12.0,5.0,eod,2026-03-18T23:59:59.373000+00:00,0.20323,6.655337130259049,1099.98955
EIGENUSDT,2026-03-18,winner,weak,94761,6640840.7586,2026-03-18T05:40:00+00:00,0.21772,2026-03-18T05:00:00+00:00,0.22076,10.414024279760826,3.8681296455478575,9.163145324269701,0.25721109682160803,51.98548947570051,1099.98955,12.0,7.000000000000001,eod,2026-03-18T23:59:59.373000+00:00,0.20323,6.655337130259049,1099.98955
EIGENUSDT,2026-03-18,winner,weak,94761,6640840.7586,2026-03-18T05:40:00+00:00,0.21772,2026-03-18T05:00:00+00:00,0.22076,10.414024279760826,3.8681296455478575,9.163145324269701,0.25721109682160803,51.98548947570051,1099.98955,15.0,1.0,eod,2026-03-18T23:59:59.373000+00:00,0.20323,6.655337130259049,1099.98955
EIGENUSDT,2026-03-18,winner,weak,94761,6640840.7586,2026-03-18T05:40:00+00:00,0.21772,2026-03-18T05:00:00+00:00,0.22076,10.414024279760826,3.8681296455478575,9.163145324269701,0.25721109682160803,51.98548947570051,1099.98955,15.0,1.5,eod,2026-03-18T23:59:59.373000+00:00,0.20323,6.655337130259049,1099.98955
EIGENUSDT,2026-03-18,winner,weak,94761,6640840.7586,2026-03-18T05:40:00+00:00,0.21772,2026-03-18T05:00:00+00:00,0.22076,10.414024279760826,3.8681296455478575,9.163145324269701,0.25721109682160803,51.98548947570051,1099.98955,15.0,2.0,eod,2026-03-18T23:59:59.373000+00:00,0.20323,6.655337130259049,1099.98955
EIGENUSDT,2026-03-18,winner,weak,94761,6640840.7586,2026-03-18T05:40:00+00:00,0.21772,2026-03-18T05:00:00+00:00,0.22076,10.414024279760826,3.8681296455478575,9.163145324269701,0.25721109682160803,51.98548947570051,1099.98955,15.0,2.5,eod,2026-03-18T23:59:59.373000+00:00,0.20323,6.655337130259049,1099.98955
EIGENUSDT,2026-03-18,winner,weak,94761,6640840.7586,2026-03-18T05:40:00+00:00,0.21772,2026-03-18T05:00:00+00:00,0.22076,10.414024279760826,3.8681296455478575,9.163145324269701,0.25721109682160803,51.98548947570051,1099.98955,15.0,3.0,eod,2026-03-18T23:59:59.373000+00:00,0.20323,6.655337130259049,1099.98955
EIGENUSDT,2026-03-18,winner,weak,94761,6640840.7586,2026-03-18T05:40:00+00:00,0.21772,2026-03-18T05:00:00+00:00,0.22076,10.414024279760826,3.8681296455478575,9.163145324269701,0.25721109682160803,51.98548947570051,1099.98955,15.0,4.0,eod,2026-03-18T23:59:59.373000+00:00,0.20323,6.655337130259049,1099.98955
EIGENUSDT,2026-03-18,winner,weak,94761,6640840.7586,2026-03-18T05:40:00+00:00,0.21772,2026-03-18T05:00:00+00:00,0.22076,10.414024279760826,3.8681296455478575,9.163145324269701,0.25721109682160803,51.98548947570051,1099.98955,15.0,5.0,eod,2026-03-18T23:59:59.373000+00:00,0.20323,6.655337130259049,1099.98955
EIGENUSDT,2026-03-18,winner,weak,94761,6640840.7586,2026-03-18T05:40:00+00:00,0.21772,2026-03-18T05:00:00+00:00,0.22076,10.414024279760826,3.8681296455478575,9.163145324269701,0.25721109682160803,51.98548947570051,1099.98955,15.0,7.000000000000001,eod,2026-03-18T23:59:59.373000+00:00,0.20323,6.655337130259049,1099.98955
EIGENUSDT,2026-03-18,winner,weak,94761,6640840.7586,2026-03-18T05:40:00+00:00,0.21772,2026-03-18T05:00:00+00:00,0.22076,10.414024279760826,3.8681296455478575,9.163145324269701,0.25721109682160803,51.98548947570051,1099.98955,20.0,1.0,eod,2026-03-18T23:59:59.373000+00:00,0.20323,6.655337130259049,1099.98955
EIGENUSDT,2026-03-18,winner,weak,94761,6640840.7586,2026-03-18T05:40:00+00:00,0.21772,2026-03-18T05:00:00+00:00,0.22076,10.414024279760826,3.8681296455478575,9.163145324269701,0.25721109682160803,51.98548947570051,1099.98955,20.0,1.5,eod,2026-03-18T23:59:59.373000+00:00,0.20323,6.655337130259049,1099.98955
EIGENUSDT,2026-03-18,winner,weak,94761,6640840.7586,2026-03-18T05:40:00+00:00,0.21772,2026-03-18T05:00:00+00:00,0.22076,10.414024279760826,3.8681296455478575,9.163145324269701,0.25721109682160803,51.98548947570051,1099.98955,20.0,2.0,eod,2026-03-18T23:59:59.373000+00:00,0.20323,6.655337130259049,1099.98955
EIGENUSDT,2026-03-18,winner,weak,94761,6640840.7586,2026-03-18T05:40:00+00:00,0.21772,2026-03-18T05:00:00+00:00,0.22076,10.414024279760826,3.8681296455478575,9.163145324269701,0.25721109682160803,51.98548947570051,1099.98955,20.0,2.5,eod,2026-03-18T23:59:59.373000+00:00,0.20323,6.655337130259049,1099.98955
EIGENUSDT,2026-03-18,winner,weak,94761,6640840.7586,2026-03-18T05:40:00+00:00,0.21772,2026-03-18T05:00:00+00:00,0.22076,10.414024279760826,3.8681296455478575,9.163145324269701,0.25721109682160803,51.98548947570051,1099.98955,20.0,3.0,eod,2026-03-18T23:59:59.373000+00:00,0.20323,6.655337130259049,1099.98955
EIGENUSDT,2026-03-18,winner,weak,94761,6640840.7586,2026-03-18T05:40:00+00:00,0.21772,2026-03-18T05:00:00+00:00,0.22076,10.414024279760826,3.8681296455478575,9.163145324269701,0.25721109682160803,51.98548947570051,1099.98955,20.0,4.0,eod,2026-03-18T23:59:59.373000+00:00,0.20323,6.655337130259049,1099.98955
EIGENUSDT,2026-03-18,winner,weak,94761,6640840.7586,2026-03-18T05:40:00+00:00,0.21772,2026-03-18T05:00:00+00:00,0.22076,10.414024279760826,3.8681296455478575,9.163145324269701,0.25721109682160803,51.98548947570051,1099.98955,20.0,5.0,eod,2026-03-18T23:59:59.373000+00:00,0.20323,6.655337130259049,1099.98955
EIGENUSDT,2026-03-18,winner,weak,94761,6640840.7586,2026-03-18T05:40:00+00:00,0.21772,2026-03-18T05:00:00+00:00,0.22076,10.414024279760826,3.8681296455478575,9.163145324269701,0.25721109682160803,51.98548947570051,1099.98955,20.0,7.000000000000001,eod,2026-03-18T23:59:59.373000+00:00,0.20323,6.655337130259049,1099.98955
GRASSUSDT,2026-03-18,winner,weak,159183,9931628.9082,2026-03-18T12:30:00+00:00,0.42258,2026-03-18T08:00:00+00:00,0.43652,15.770182351324113,9.285732168339877,12.991622887973875,2.778172180415536,54.5338782928385,689.9627999999999,3.0,1.0,sl,2026-03-18T13:16:40.085000+00:00,0.4268058,-1.0000000000000004,46.668083333333335
GRASSUSDT,2026-03-18,winner,weak,159183,9931628.9082,2026-03-18T12:30:00+00:00,0.42258,2026-03-18T08:00:00+00:00,0.43652,15.770182351324113,9.285732168339877,12.991622887973875,2.778172180415536,54.5338782928385,689.9627999999999,3.0,1.5,sl,2026-03-18T13:22:48.470000+00:00,0.4289187,-1.499999999999994,52.80783333333333
GRASSUSDT,2026-03-18,winner,weak,159183,9931628.9082,2026-03-18T12:30:00+00:00,0.42258,2026-03-18T08:00:00+00:00,0.43652,15.770182351324113,9.285732168339877,12.991622887973875,2.778172180415536,54.5338782928385,689.9627999999999,3.0,2.0,sl,2026-03-18T13:36:19.617000+00:00,0.4310316,-2.000000000000001,66.32695
GRASSUSDT,2026-03-18,winner,weak,159183,9931628.9082,2026-03-18T12:30:00+00:00,0.42258,2026-03-18T08:00:00+00:00,0.43652,15.770182351324113,9.285732168339877,12.991622887973875,2.778172180415536,54.5338782928385,689.9627999999999,3.0,2.5,sl,2026-03-18T13:46:53.916000+00:00,0.4331445,-2.4999999999999947,76.8986
GRASSUSDT,2026-03-18,winner,weak,159183,9931628.9082,2026-03-18T12:30:00+00:00,0.42258,2026-03-18T08:00:00+00:00,0.43652,15.770182351324113,9.285732168339877,12.991622887973875,2.778172180415536,54.5338782928385,689.9627999999999,3.0,3.0,tp,2026-03-18T16:23:38.784000+00:00,0.4099026,3.0000000000000013,233.6464
GRASSUSDT,2026-03-18,winner,weak,159183,9931628.9082,2026-03-18T12:30:00+00:00,0.42258,2026-03-18T08:00:00+00:00,0.43652,15.770182351324113,9.285732168339877,12.991622887973875,2.778172180415536,54.5338782928385,689.9627999999999,3.0,4.0,tp,2026-03-18T16:23:38.784000+00:00,0.4099026,3.0000000000000013,233.6464
GRASSUSDT,2026-03-18,winner,weak,159183,9931628.9082,2026-03-18T12:30:00+00:00,0.42258,2026-03-18T08:00:00+00:00,0.43652,15.770182351324113,9.285732168339877,12.991622887973875,2.778172180415536,54.5338782928385,689.9627999999999,3.0,5.0,tp,2026-03-18T16:23:38.784000+00:00,0.4099026,3.0000000000000013,233.6464
GRASSUSDT,2026-03-18,winner,weak,159183,9931628.9082,2026-03-18T12:30:00+00:00,0.42258,2026-03-18T08:00:00+00:00,0.43652,15.770182351324113,9.285732168339877,12.991622887973875,2.778172180415536,54.5338782928385,689.9627999999999,3.0,7.000000000000001,tp,2026-03-18T16:23:38.784000+00:00,0.4099026,3.0000000000000013,233.6464
GRASSUSDT,2026-03-18,winner,weak,159183,9931628.9082,2026-03-18T12:30:00+00:00,0.42258,2026-03-18T08:00:00+00:00,0.43652,15.770182351324113,9.285732168339877,12.991622887973875,2.778172180415536,54.5338782928385,689.9627999999999,4.0,1.0,sl,2026-03-18T13:16:40.085000+00:00,0.4268058,-1.0000000000000004,46.668083333333335
GRASSUSDT,2026-03-18,winner,weak,159183,9931628.9082,2026-03-18T12:30:00+00:00,0.42258,2026-03-18T08:00:00+00:00,0.43652,15.770182351324113,9.285732168339877,12.991622887973875,2.778172180415536,54.5338782928385,689.9627999999999,4.0,1.5,sl,2026-03-18T13:22:48.470000+00:00,0.4289187,-1.499999999999994,52.80783333333333
GRASSUSDT,2026-03-18,winner,weak,159183,9931628.9082,2026-03-18T12:30:00+00:00,0.42258,2026-03-18T08:00:00+00:00,0.43652,15.770182351324113,9.285732168339877,12.991622887973875,2.778172180415536,54.5338782928385,689.9627999999999,4.0,2.0,sl,2026-03-18T13:36:19.617000+00:00,0.4310316,-2.000000000000001,66.32695
GRASSUSDT,2026-03-18,winner,weak,159183,9931628.9082,2026-03-18T12:30:00+00:00,0.42258,2026-03-18T08:00:00+00:00,0.43652,15.770182351324113,9.285732168339877,12.991622887973875,2.778172180415536,54.5338782928385,689.9627999999999,4.0,2.5,sl,2026-03-18T13:46:53.916000+00:00,0.4331445,-2.4999999999999947,76.8986
GRASSUSDT,2026-03-18,winner,weak,159183,9931628.9082,2026-03-18T12:30:00+00:00,0.42258,2026-03-18T08:00:00+00:00,0.43652,15.770182351324113,9.285732168339877,12.991622887973875,2.778172180415536,54.5338782928385,689.9627999999999,4.0,3.0,tp,2026-03-18T16:25:49.747000+00:00,0.4056768,4.000000000000002,235.82911666666666
GRASSUSDT,2026-03-18,winner,weak,159183,9931628.9082,2026-03-18T12:30:00+00:00,0.42258,2026-03-18T08:00:00+00:00,0.43652,15.770182351324113,9.285732168339877,12.991622887973875,2.778172180415536,54.5338782928385,689.9627999999999,4.0,4.0,tp,2026-03-18T16:25:49.747000+00:00,0.4056768,4.000000000000002,235.82911666666666
GRASSUSDT,2026-03-18,winner,weak,159183,9931628.9082,2026-03-18T12:30:00+00:00,0.42258,2026-03-18T08:00:00+00:00,0.43652,15.770182351324113,9.285732168339877,12.991622887973875,2.778172180415536,54.5338782928385,689.9627999999999,4.0,5.0,tp,2026-03-18T16:25:49.747000+00:00,0.4056768,4.000000000000002,235.82911666666666
GRASSUSDT,2026-03-18,winner,weak,159183,9931628.9082,2026-03-18T12:30:00+00:00,0.42258,2026-03-18T08:00:00+00:00,0.43652,15.770182351324113,9.285732168339877,12.991622887973875,2.778172180415536,54.5338782928385,689.9627999999999,4.0,7.000000000000001,tp,2026-03-18T16:25:49.747000+00:00,0.4056768,4.000000000000002,235.82911666666666
GRASSUSDT,2026-03-18,winner,weak,159183,9931628.9082,2026-03-18T12:30:00+00:00,0.42258,2026-03-18T08:00:00+00:00,0.43652,15.770182351324113,9.285732168339877,12.991622887973875,2.778172180415536,54.5338782928385,689.9627999999999,5.0,1.0,sl,2026-03-18T13:16:40.085000+00:00,0.4268058,-1.0000000000000004,46.668083333333335
GRASSUSDT,2026-03-18,winner,weak,159183,9931628.9082,2026-03-18T12:30:00+00:00,0.42258,2026-03-18T08:00:00+00:00,0.43652,15.770182351324113,9.285732168339877,12.991622887973875,2.778172180415536,54.5338782928385,689.9627999999999,5.0,1.5,sl,2026-03-18T13:22:48.470000+00:00,0.4289187,-1.499999999999994,52.80783333333333
GRASSUSDT,2026-03-18,winner,weak,159183,9931628.9082,2026-03-18T12:30:00+00:00,0.42258,2026-03-18T08:00:00+00:00,0.43652,15.770182351324113,9.285732168339877,12.991622887973875,2.778172180415536,54.5338782928385,689.9627999999999,5.0,2.0,sl,2026-03-18T13:36:19.617000+00:00,0.4310316,-2.000000000000001,66.32695
GRASSUSDT,2026-03-18,winner,weak,159183,9931628.9082,2026-03-18T12:30:00+00:00,0.42258,2026-03-18T08:00:00+00:00,0.43652,15.770182351324113,9.285732168339877,12.991622887973875,2.778172180415536,54.5338782928385,689.9627999999999,5.0,2.5,sl,2026-03-18T13:46:53.916000+00:00,0.4331445,-2.4999999999999947,76.8986
GRASSUSDT,2026-03-18,winner,weak,159183,9931628.9082,2026-03-18T12:30:00+00:00,0.42258,2026-03-18T08:00:00+00:00,0.43652,15.770182351324113,9.285732168339877,12.991622887973875,2.778172180415536,54.5338782928385,689.9627999999999,5.0,3.0,tp,2026-03-18T16:41:37.668000+00:00,0.401451,5.000000000000002,251.6278
GRASSUSDT,2026-03-18,winner,weak,159183,9931628.9082,2026-03-18T12:30:00+00:00,0.42258,2026-03-18T08:00:00+00:00,0.43652,15.770182351324113,9.285732168339877,12.991622887973875,2.778172180415536,54.5338782928385,689.9627999999999,5.0,4.0,tp,2026-03-18T16:41:37.668000+00:00,0.401451,5.000000000000002,251.6278
GRASSUSDT,2026-03-18,winner,weak,159183,9931628.9082,2026-03-18T12:30:00+00:00,0.42258,2026-03-18T08:00:00+00:00,0.43652,15.770182351324113,9.285732168339877,12.991622887973875,2.778172180415536,54.5338782928385,689.9627999999999,5.0,5.0,tp,2026-03-18T16:41:37.668000+00:00,0.401451,5.000000000000002,251.6278
GRASSUSDT,2026-03-18,winner,weak,159183,9931628.9082,2026-03-18T12:30:00+00:00,0.42258,2026-03-18T08:00:00+00:00,0.43652,15.770182351324113,9.285732168339877,12.991622887973875,2.778172180415536,54.5338782928385,689.9627999999999,5.0,7.000000000000001,tp,2026-03-18T16:41:37.668000+00:00,0.401451,5.000000000000002,251.6278
GRASSUSDT,2026-03-18,winner,weak,159183,9931628.9082,2026-03-18T12:30:00+00:00,0.42258,2026-03-18T08:00:00+00:00,0.43652,15.770182351324113,9.285732168339877,12.991622887973875,2.778172180415536,54.5338782928385,689.9627999999999,6.0,1.0,sl,2026-03-18T13:16:40.085000+00:00,0.4268058,-1.0000000000000004,46.668083333333335
GRASSUSDT,2026-03-18,winner,weak,159183,9931628.9082,2026-03-18T12:30:00+00:00,0.42258,2026-03-18T08:00:00+00:00,0.43652,15.770182351324113,9.285732168339877,12.991622887973875,2.778172180415536,54.5338782928385,689.9627999999999,6.0,1.5,sl,2026-03-18T13:22:48.470000+00:00,0.4289187,-1.499999999999994,52.80783333333333
GRASSUSDT,2026-03-18,winner,weak,159183,9931628.9082,2026-03-18T12:30:00+00:00,0.42258,2026-03-18T08:00:00+00:00,0.43652,15.770182351324113,9.285732168339877,12.991622887973875,2.778172180415536,54.5338782928385,689.9627999999999,6.0,2.0,sl,2026-03-18T13:36:19.617000+00:00,0.4310316,-2.000000000000001,66.32695
GRASSUSDT,2026-03-18,winner,weak,159183,9931628.9082,2026-03-18T12:30:00+00:00,0.42258,2026-03-18T08:00:00+00:00,0.43652,15.770182351324113,9.285732168339877,12.991622887973875,2.778172180415536,54.5338782928385,689.9627999999999,6.0,2.5,sl,2026-03-18T13:46:53.916000+00:00,0.4331445,-2.4999999999999947,76.8986
GRASSUSDT,2026-03-18,winner,weak,159183,9931628.9082,2026-03-18T12:30:00+00:00,0.42258,2026-03-18T08:00:00+00:00,0.43652,15.770182351324113,9.285732168339877,12.991622887973875,2.778172180415536,54.5338782928385,689.9627999999999,6.0,3.0,tp,2026-03-18T18:56:16.376000+00:00,0.3972252,6.000000000000003,386.27293333333336
GRASSUSDT,2026-03-18,winner,weak,159183,9931628.9082,2026-03-18T12:30:00+00:00,0.42258,2026-03-18T08:00:00+00:00,0.43652,15.770182351324113,9.285732168339877,12.991622887973875,2.778172180415536,54.5338782928385,689.9627999999999,6.0,4.0,tp,2026-03-18T18:56:16.376000+00:00,0.3972252,6.000000000000003,386.27293333333336
GRASSUSDT,2026-03-18,winner,weak,159183,9931628.9082,2026-03-18T12:30:00+00:00,0.42258,2026-03-18T08:00:00+00:00,0.43652,15.770182351324113,9.285732168339877,12.991622887973875,2.778172180415536,54.5338782928385,689.9627999999999,6.0,5.0,tp,2026-03-18T18:56:16.376000+00:00,0.3972252,6.000000000000003,386.27293333333336
GRASSUSDT,2026-03-18,winner,weak,159183,9931628.9082,2026-03-18T12:30:00+00:00,0.42258,2026-03-18T08:00:00+00:00,0.43652,15.770182351324113,9.285732168339877,12.991622887973875,2.778172180415536,54.5338782928385,689.9627999999999,6.0,7.000000000000001,tp,2026-03-18T18:56:16.376000+00:00,0.3972252,6.000000000000003,386.27293333333336
GRASSUSDT,2026-03-18,winner,weak,159183,9931628.9082,2026-03-18T12:30:00+00:00,0.42258,2026-03-18T08:00:00+00:00,0.43652,15.770182351324113,9.285732168339877,12.991622887973875,2.778172180415536,54.5338782928385,689.9627999999999,7.000000000000001,1.0,sl,2026-03-18T13:16:40.085000+00:00,0.4268058,-1.0000000000000004,46.668083333333335
GRASSUSDT,2026-03-18,winner,weak,159183,9931628.9082,2026-03-18T12:30:00+00:00,0.42258,2026-03-18T08:00:00+00:00,0.43652,15.770182351324113,9.285732168339877,12.991622887973875,2.778172180415536,54.5338782928385,689.9627999999999,7.000000000000001,1.5,sl,2026-03-18T13:22:48.470000+00:00,0.4289187,-1.499999999999994,52.80783333333333
GRASSUSDT,2026-03-18,winner,weak,159183,9931628.9082,2026-03-18T12:30:00+00:00,0.42258,2026-03-18T08:00:00+00:00,0.43652,15.770182351324113,9.285732168339877,12.991622887973875,2.778172180415536,54.5338782928385,689.9627999999999,7.000000000000001,2.0,sl,2026-03-18T13:36:19.617000+00:00,0.4310316,-2.000000000000001,66.32695
GRASSUSDT,2026-03-18,winner,weak,159183,9931628.9082,2026-03-18T12:30:00+00:00,0.42258,2026-03-18T08:00:00+00:00,0.43652,15.770182351324113,9.285732168339877,12.991622887973875,2.778172180415536,54.5338782928385,689.9627999999999,7.000000000000001,2.5,sl,2026-03-18T13:46:53.916000+00:00,0.4331445,-2.4999999999999947,76.8986
GRASSUSDT,2026-03-18,winner,weak,159183,9931628.9082,2026-03-18T12:30:00+00:00,0.42258,2026-03-18T08:00:00+00:00,0.43652,15.770182351324113,9.285732168339877,12.991622887973875,2.778172180415536,54.5338782928385,689.9627999999999,7.000000000000001,3.0,tp,2026-03-18T19:11:33.635000+00:00,0.3929994,7.0000000000000036,401.5605833333333
GRASSUSDT,2026-03-18,winner,weak,159183,9931628.9082,2026-03-18T12:30:00+00:00,0.42258,2026-03-18T08:00:00+00:00,0.43652,15.770182351324113,9.285732168339877,12.991622887973875,2.778172180415536,54.5338782928385,689.9627999999999,7.000000000000001,4.0,tp,2026-03-18T19:11:33.635000+00:00,0.3929994,7.0000000000000036,401.5605833333333
GRASSUSDT,2026-03-18,winner,weak,159183,9931628.9082,2026-03-18T12:30:00+00:00,0.42258,2026-03-18T08:00:00+00:00,0.43652,15.770182351324113,9.285732168339877,12.991622887973875,2.778172180415536,54.5338782928385,689.9627999999999,7.000000000000001,5.0,tp,2026-03-18T19:11:33.635000+00:00,0.3929994,7.0000000000000036,401.5605833333333
GRASSUSDT,2026-03-18,winner,weak,159183,9931628.9082,2026-03-18T12:30:00+00:00,0.42258,2026-03-18T08:00:00+00:00,0.43652,15.770182351324113,9.285732168339877,12.991622887973875,2.778172180415536,54.5338782928385,689.9627999999999,7.000000000000001,7.000000000000001,tp,2026-03-18T19:11:33.635000+00:00,0.3929994,7.0000000000000036,401.5605833333333
GRASSUSDT,2026-03-18,winner,weak,159183,9931628.9082,2026-03-18T12:30:00+00:00,0.42258,2026-03-18T08:00:00+00:00,0.43652,15.770182351324113,9.285732168339877,12.991622887973875,2.778172180415536,54.5338782928385,689.9627999999999,8.0,1.0,sl,2026-03-18T13:16:40.085000+00:00,0.4268058,-1.0000000000000004,46.668083333333335
GRASSUSDT,2026-03-18,winner,weak,159183,9931628.9082,2026-03-18T12:30:00+00:00,0.42258,2026-03-18T08:00:00+00:00,0.43652,15.770182351324113,9.285732168339877,12.991622887973875,2.778172180415536,54.5338782928385,689.9627999999999,8.0,1.5,sl,2026-03-18T13:22:48.470000+00:00,0.4289187,-1.499999999999994,52.80783333333333
GRASSUSDT,2026-03-18,winner,weak,159183,9931628.9082,2026-03-18T12:30:00+00:00,0.42258,2026-03-18T08:00:00+00:00,0.43652,15.770182351324113,9.285732168339877,12.991622887973875,2.778172180415536,54.5338782928385,689.9627999999999,8.0,2.0,sl,2026-03-18T13:36:19.617000+00:00,0.4310316,-2.000000000000001,66.32695
GRASSUSDT,2026-03-18,winner,weak,159183,9931628.9082,2026-03-18T12:30:00+00:00,0.42258,2026-03-18T08:00:00+00:00,0.43652,15.770182351324113,9.285732168339877,12.991622887973875,2.778172180415536,54.5338782928385,689.9627999999999,8.0,2.5,sl,2026-03-18T13:46:53.916000+00:00,0.4331445,-2.4999999999999947,76.8986
GRASSUSDT,2026-03-18,winner,weak,159183,9931628.9082,2026-03-18T12:30:00+00:00,0.42258,2026-03-18T08:00:00+00:00,0.43652,15.770182351324113,9.285732168339877,12.991622887973875,2.778172180415536,54.5338782928385,689.9627999999999,8.0,3.0,tp,2026-03-18T19:16:01.427000+00:00,0.38877360000000005,7.99999999999999,406.0237833333333
GRASSUSDT,2026-03-18,winner,weak,159183,9931628.9082,2026-03-18T12:30:00+00:00,0.42258,2026-03-18T08:00:00+00:00,0.43652,15.770182351324113,9.285732168339877,12.991622887973875,2.778172180415536,54.5338782928385,689.9627999999999,8.0,4.0,tp,2026-03-18T19:16:01.427000+00:00,0.38877360000000005,7.99999999999999,406.0237833333333
GRASSUSDT,2026-03-18,winner,weak,159183,9931628.9082,2026-03-18T12:30:00+00:00,0.42258,2026-03-18T08:00:00+00:00,0.43652,15.770182351324113,9.285732168339877,12.991622887973875,2.778172180415536,54.5338782928385,689.9627999999999,8.0,5.0,tp,2026-03-18T19:16:01.427000+00:00,0.38877360000000005,7.99999999999999,406.0237833333333
GRASSUSDT,2026-03-18,winner,weak,159183,9931628.9082,2026-03-18T12:30:00+00:00,0.42258,2026-03-18T08:00:00+00:00,0.43652,15.770182351324113,9.285732168339877,12.991622887973875,2.778172180415536,54.5338782928385,689.9627999999999,8.0,7.000000000000001,tp,2026-03-18T19:16:01.427000+00:00,0.38877360000000005,7.99999999999999,406.0237833333333
GRASSUSDT,2026-03-18,winner,weak,159183,9931628.9082,2026-03-18T12:30:00+00:00,0.42258,2026-03-18T08:00:00+00:00,0.43652,15.770182351324113,9.285732168339877,12.991622887973875,2.778172180415536,54.5338782928385,689.9627999999999,10.0,1.0,sl,2026-03-18T13:16:40.085000+00:00,0.4268058,-1.0000000000000004,46.668083333333335
GRASSUSDT,2026-03-18,winner,weak,159183,9931628.9082,2026-03-18T12:30:00+00:00,0.42258,2026-03-18T08:00:00+00:00,0.43652,15.770182351324113,9.285732168339877,12.991622887973875,2.778172180415536,54.5338782928385,689.9627999999999,10.0,1.5,sl,2026-03-18T13:22:48.470000+00:00,0.4289187,-1.499999999999994,52.80783333333333
GRASSUSDT,2026-03-18,winner,weak,159183,9931628.9082,2026-03-18T12:30:00+00:00,0.42258,2026-03-18T08:00:00+00:00,0.43652,15.770182351324113,9.285732168339877,12.991622887973875,2.778172180415536,54.5338782928385,689.9627999999999,10.0,2.0,sl,2026-03-18T13:36:19.617000+00:00,0.4310316,-2.000000000000001,66.32695
GRASSUSDT,2026-03-18,winner,weak,159183,9931628.9082,2026-03-18T12:30:00+00:00,0.42258,2026-03-18T08:00:00+00:00,0.43652,15.770182351324113,9.285732168339877,12.991622887973875,2.778172180415536,54.5338782928385,689.9627999999999,10.0,2.5,sl,2026-03-18T13:46:53.916000+00:00,0.4331445,-2.4999999999999947,76.8986
GRASSUSDT,2026-03-18,winner,weak,159183,9931628.9082,2026-03-18T12:30:00+00:00,0.42258,2026-03-18T08:00:00+00:00,0.43652,15.770182351324113,9.285732168339877,12.991622887973875,2.778172180415536,54.5338782928385,689.9627999999999,10.0,3.0,tp,2026-03-18T22:01:22.552000+00:00,0.380322,10.000000000000004,571.3758666666668
GRASSUSDT,2026-03-18,winner,weak,159183,9931628.9082,2026-03-18T12:30:00+00:00,0.42258,2026-03-18T08:00:00+00:00,0.43652,15.770182351324113,9.285732168339877,12.991622887973875,2.778172180415536,54.5338782928385,689.9627999999999,10.0,4.0,tp,2026-03-18T22:01:22.552000+00:00,0.380322,10.000000000000004,571.3758666666668
GRASSUSDT,2026-03-18,winner,weak,159183,9931628.9082,2026-03-18T12:30:00+00:00,0.42258,2026-03-18T08:00:00+00:00,0.43652,15.770182351324113,9.285732168339877,12.991622887973875,2.778172180415536,54.5338782928385,689.9627999999999,10.0,5.0,tp,2026-03-18T22:01:22.552000+00:00,0.380322,10.000000000000004,571.3758666666668
GRASSUSDT,2026-03-18,winner,weak,159183,9931628.9082,2026-03-18T12:30:00+00:00,0.42258,2026-03-18T08:00:00+00:00,0.43652,15.770182351324113,9.285732168339877,12.991622887973875,2.778172180415536,54.5338782928385,689.9627999999999,10.0,7.000000000000001,tp,2026-03-18T22:01:22.552000+00:00,0.380322,10.000000000000004,571.3758666666668
GRASSUSDT,2026-03-18,winner,weak,159183,9931628.9082,2026-03-18T12:30:00+00:00,0.42258,2026-03-18T08:00:00+00:00,0.43652,15.770182351324113,9.285732168339877,12.991622887973875,2.778172180415536,54.5338782928385,689.9627999999999,12.0,1.0,sl,2026-03-18T13:16:40.085000+00:00,0.4268058,-1.0000000000000004,46.668083333333335
GRASSUSDT,2026-03-18,winner,weak,159183,9931628.9082,2026-03-18T12:30:00+00:00,0.42258,2026-03-18T08:00:00+00:00,0.43652,15.770182351324113,9.285732168339877,12.991622887973875,2.778172180415536,54.5338782928385,689.9627999999999,12.0,1.5,sl,2026-03-18T13:22:48.470000+00:00,0.4289187,-1.499999999999994,52.80783333333333
GRASSUSDT,2026-03-18,winner,weak,159183,9931628.9082,2026-03-18T12:30:00+00:00,0.42258,2026-03-18T08:00:00+00:00,0.43652,15.770182351324113,9.285732168339877,12.991622887973875,2.778172180415536,54.5338782928385,689.9627999999999,12.0,2.0,sl,2026-03-18T13:36:19.617000+00:00,0.4310316,-2.000000000000001,66.32695
GRASSUSDT,2026-03-18,winner,weak,159183,9931628.9082,2026-03-18T12:30:00+00:00,0.42258,2026-03-18T08:00:00+00:00,0.43652,15.770182351324113,9.285732168339877,12.991622887973875,2.778172180415536,54.5338782928385,689.9627999999999,12.0,2.5,sl,2026-03-18T13:46:53.916000+00:00,0.4331445,-2.4999999999999947,76.8986
GRASSUSDT,2026-03-18,winner,weak,159183,9931628.9082,2026-03-18T12:30:00+00:00,0.42258,2026-03-18T08:00:00+00:00,0.43652,15.770182351324113,9.285732168339877,12.991622887973875,2.778172180415536,54.5338782928385,689.9627999999999,12.0,3.0,tp,2026-03-18T22:42:00.613000+00:00,0.3718704,12.000000000000005,612.0102166666667
GRASSUSDT,2026-03-18,winner,weak,159183,9931628.9082,2026-03-18T12:30:00+00:00,0.42258,2026-03-18T08:00:00+00:00,0.43652,15.770182351324113,9.285732168339877,12.991622887973875,2.778172180415536,54.5338782928385,689.9627999999999,12.0,4.0,tp,2026-03-18T22:42:00.613000+00:00,0.3718704,12.000000000000005,612.0102166666667
GRASSUSDT,2026-03-18,winner,weak,159183,9931628.9082,2026-03-18T12:30:00+00:00,0.42258,2026-03-18T08:00:00+00:00,0.43652,15.770182351324113,9.285732168339877,12.991622887973875,2.778172180415536,54.5338782928385,689.9627999999999,12.0,5.0,tp,2026-03-18T22:42:00.613000+00:00,0.3718704,12.000000000000005,612.0102166666667
GRASSUSDT,2026-03-18,winner,weak,159183,9931628.9082,2026-03-18T12:30:00+00:00,0.42258,2026-03-18T08:00:00+00:00,0.43652,15.770182351324113,9.285732168339877,12.991622887973875,2.778172180415536,54.5338782928385,689.9627999999999,12.0,7.000000000000001,tp,2026-03-18T22:42:00.613000+00:00,0.3718704,12.000000000000005,612.0102166666667
GRASSUSDT,2026-03-18,winner,weak,159183,9931628.9082,2026-03-18T12:30:00+00:00,0.42258,2026-03-18T08:00:00+00:00,0.43652,15.770182351324113,9.285732168339877,12.991622887973875,2.778172180415536,54.5338782928385,689.9627999999999,15.0,1.0,sl,2026-03-18T13:16:40.085000+00:00,0.4268058,-1.0000000000000004,46.668083333333335
GRASSUSDT,2026-03-18,winner,weak,159183,9931628.9082,2026-03-18T12:30:00+00:00,0.42258,2026-03-18T08:00:00+00:00,0.43652,15.770182351324113,9.285732168339877,12.991622887973875,2.778172180415536,54.5338782928385,689.9627999999999,15.0,1.5,sl,2026-03-18T13:22:48.470000+00:00,0.4289187,-1.499999999999994,52.80783333333333
GRASSUSDT,2026-03-18,winner,weak,159183,9931628.9082,2026-03-18T12:30:00+00:00,0.42258,2026-03-18T08:00:00+00:00,0.43652,15.770182351324113,9.285732168339877,12.991622887973875,2.778172180415536,54.5338782928385,689.9627999999999,15.0,2.0,sl,2026-03-18T13:36:19.617000+00:00,0.4310316,-2.000000000000001,66.32695
GRASSUSDT,2026-03-18,winner,weak,159183,9931628.9082,2026-03-18T12:30:00+00:00,0.42258,2026-03-18T08:00:00+00:00,0.43652,15.770182351324113,9.285732168339877,12.991622887973875,2.778172180415536,54.5338782928385,689.9627999999999,15.0,2.5,sl,2026-03-18T13:46:53.916000+00:00,0.4331445,-2.4999999999999947,76.8986
GRASSUSDT,2026-03-18,winner,weak,159183,9931628.9082,2026-03-18T12:30:00+00:00,0.42258,2026-03-18T08:00:00+00:00,0.43652,15.770182351324113,9.285732168339877,12.991622887973875,2.778172180415536,54.5338782928385,689.9627999999999,15.0,3.0,eod,2026-03-18T23:59:57.768000+00:00,0.36953,12.553835960054895,689.9627999999999
GRASSUSDT,2026-03-18,winner,weak,159183,9931628.9082,2026-03-18T12:30:00+00:00,0.42258,2026-03-18T08:00:00+00:00,0.43652,15.770182351324113,9.285732168339877,12.991622887973875,2.778172180415536,54.5338782928385,689.9627999999999,15.0,4.0,eod,2026-03-18T23:59:57.768000+00:00,0.36953,12.553835960054895,689.9627999999999
GRASSUSDT,2026-03-18,winner,weak,159183,9931628.9082,2026-03-18T12:30:00+00:00,0.42258,2026-03-18T08:00:00+00:00,0.43652,15.770182351324113,9.285732168339877,12.991622887973875,2.778172180415536,54.5338782928385,689.9627999999999,15.0,5.0,eod,2026-03-18T23:59:57.768000+00:00,0.36953,12.553835960054895,689.9627999999999
GRASSUSDT,2026-03-18,winner,weak,159183,9931628.9082,2026-03-18T12:30:00+00:00,0.42258,2026-03-18T08:00:00+00:00,0.43652,15.770182351324113,9.285732168339877,12.991622887973875,2.778172180415536,54.5338782928385,689.9627999999999,15.0,7.000000000000001,eod,2026-03-18T23:59:57.768000+00:00,0.36953,12.553835960054895,689.9627999999999
GRASSUSDT,2026-03-18,winner,weak,159183,9931628.9082,2026-03-18T12:30:00+00:00,0.42258,2026-03-18T08:00:00+00:00,0.43652,15.770182351324113,9.285732168339877,12.991622887973875,2.778172180415536,54.5338782928385,689.9627999999999,20.0,1.0,sl,2026-03-18T13:16:40.085000+00:00,0.4268058,-1.0000000000000004,46.668083333333335
GRASSUSDT,2026-03-18,winner,weak,159183,9931628.9082,2026-03-18T12:30:00+00:00,0.42258,2026-03-18T08:00:00+00:00,0.43652,15.770182351324113,9.285732168339877,12.991622887973875,2.778172180415536,54.5338782928385,689.9627999999999,20.0,1.5,sl,2026-03-18T13:22:48.470000+00:00,0.4289187,-1.499999999999994,52.80783333333333
GRASSUSDT,2026-03-18,winner,weak,159183,9931628.9082,2026-03-18T12:30:00+00:00,0.42258,2026-03-18T08:00:00+00:00,0.43652,15.770182351324113,9.285732168339877,12.991622887973875,2.778172180415536,54.5338782928385,689.9627999999999,20.0,2.0,sl,2026-03-18T13:36:19.617000+00:00,0.4310316,-2.000000000000001,66.32695
GRASSUSDT,2026-03-18,winner,weak,159183,9931628.9082,2026-03-18T12:30:00+00:00,0.42258,2026-03-18T08:00:00+00:00,0.43652,15.770182351324113,9.285732168339877,12.991622887973875,2.778172180415536,54.5338782928385,689.9627999999999,20.0,2.5,sl,2026-03-18T13:46:53.916000+00:00,0.4331445,-2.4999999999999947,76.8986
GRASSUSDT,2026-03-18,winner,weak,159183,9931628.9082,2026-03-18T12:30:00+00:00,0.42258,2026-03-18T08:00:00+00:00,0.43652,15.770182351324113,9.285732168339877,12.991622887973875,2.778172180415536,54.5338782928385,689.9627999999999,20.0,3.0,eod,2026-03-18T23:59:57.768000+00:00,0.36953,12.553835960054895,689.9627999999999
GRASSUSDT,2026-03-18,winner,weak,159183,9931628.9082,2026-03-18T12:30:00+00:00,0.42258,2026-03-18T08:00:00+00:00,0.43652,15.770182351324113,9.285732168339877,12.991622887973875,2.778172180415536,54.5338782928385,689.9627999999999,20.0,4.0,eod,2026-03-18T23:59:57.768000+00:00,0.36953,12.553835960054895,689.9627999999999
GRASSUSDT,2026-03-18,winner,weak,159183,9931628.9082,2026-03-18T12:30:00+00:00,0.42258,2026-03-18T08:00:00+00:00,0.43652,15.770182351324113,9.285732168339877,12.991622887973875,2.778172180415536,54.5338782928385,689.9627999999999,20.0,5.0,eod,2026-03-18T23:59:57.768000+00:00,0.36953,12.553835960054895,689.9627999999999
GRASSUSDT,2026-03-18,winner,weak,159183,9931628.9082,2026-03-18T12:30:00+00:00,0.42258,2026-03-18T08:00:00+00:00,0.43652,15.770182351324113,9.285732168339877,12.991622887973875,2.778172180415536,54.5338782928385,689.9627999999999,20.0,7.000000000000001,eod,2026-03-18T23:59:57.768000+00:00,0.36953,12.553835960054895,689.9627999999999
RVNUSDT,2026-03-18,winner,weak,32993,1855352.621638,2026-03-18T04:05:00+00:00,0.005852,2026-03-18T02:15:00+00:00,0.006091,9.850599244787384,6.85964912280701,6.168831168831172,2.5290498974709448,50.570896950304466,1194.0140833333332,3.0,1.0,sl,2026-03-18T05:01:23.964000+00:00,0.005910520000000001,-1.0000000000000044,56.3994
RVNUSDT,2026-03-18,winner,weak,32993,1855352.621638,2026-03-18T04:05:00+00:00,0.005852,2026-03-18T02:15:00+00:00,0.006091,9.850599244787384,6.85964912280701,6.168831168831172,2.5290498974709448,50.570896950304466,1194.0140833333332,3.0,1.5,sl,2026-03-18T05:02:39.912000+00:00,0.0059397799999999995,-1.4999999999999847,57.6652
RVNUSDT,2026-03-18,winner,weak,32993,1855352.621638,2026-03-18T04:05:00+00:00,0.005852,2026-03-18T02:15:00+00:00,0.006091,9.850599244787384,6.85964912280701,6.168831168831172,2.5290498974709448,50.570896950304466,1194.0140833333332,3.0,2.0,sl,2026-03-18T05:09:31.391000+00:00,0.00596904,-1.9999999999999944,64.52318333333334
RVNUSDT,2026-03-18,winner,weak,32993,1855352.621638,2026-03-18T04:05:00+00:00,0.005852,2026-03-18T02:15:00+00:00,0.006091,9.850599244787384,6.85964912280701,6.168831168831172,2.5290498974709448,50.570896950304466,1194.0140833333332,3.0,2.5,sl,2026-03-18T05:13:00.824000+00:00,0.0059983,-2.4999999999999893,68.01373333333333
RVNUSDT,2026-03-18,winner,weak,32993,1855352.621638,2026-03-18T04:05:00+00:00,0.005852,2026-03-18T02:15:00+00:00,0.006091,9.850599244787384,6.85964912280701,6.168831168831172,2.5290498974709448,50.570896950304466,1194.0140833333332,3.0,3.0,tp,2026-03-18T12:10:01.616000+00:00,0.0056764400000000005,2.9999999999999987,485.0269333333334
RVNUSDT,2026-03-18,winner,weak,32993,1855352.621638,2026-03-18T04:05:00+00:00,0.005852,2026-03-18T02:15:00+00:00,0.006091,9.850599244787384,6.85964912280701,6.168831168831172,2.5290498974709448,50.570896950304466,1194.0140833333332,3.0,4.0,tp,2026-03-18T12:10:01.616000+00:00,0.0056764400000000005,2.9999999999999987,485.0269333333334
RVNUSDT,2026-03-18,winner,weak,32993,1855352.621638,2026-03-18T04:05:00+00:00,0.005852,2026-03-18T02:15:00+00:00,0.006091,9.850599244787384,6.85964912280701,6.168831168831172,2.5290498974709448,50.570896950304466,1194.0140833333332,3.0,5.0,tp,2026-03-18T12:10:01.616000+00:00,0.0056764400000000005,2.9999999999999987,485.0269333333334
RVNUSDT,2026-03-18,winner,weak,32993,1855352.621638,2026-03-18T04:05:00+00:00,0.005852,2026-03-18T02:15:00+00:00,0.006091,9.850599244787384,6.85964912280701,6.168831168831172,2.5290498974709448,50.570896950304466,1194.0140833333332,3.0,7.000000000000001,tp,2026-03-18T12:10:01.616000+00:00,0.0056764400000000005,2.9999999999999987,485.0269333333334
RVNUSDT,2026-03-18,winner,weak,32993,1855352.621638,2026-03-18T04:05:00+00:00,0.005852,2026-03-18T02:15:00+00:00,0.006091,9.850599244787384,6.85964912280701,6.168831168831172,2.5290498974709448,50.570896950304466,1194.0140833333332,4.0,1.0,sl,2026-03-18T05:01:23.964000+00:00,0.005910520000000001,-1.0000000000000044,56.3994
RVNUSDT,2026-03-18,winner,weak,32993,1855352.621638,2026-03-18T04:05:00+00:00,0.005852,2026-03-18T02:15:00+00:00,0.006091,9.850599244787384,6.85964912280701,6.168831168831172,2.5290498974709448,50.570896950304466,1194.0140833333332,4.0,1.5,sl,2026-03-18T05:02:39.912000+00:00,0.0059397799999999995,-1.4999999999999847,57.6652
RVNUSDT,2026-03-18,winner,weak,32993,1855352.621638,2026-03-18T04:05:00+00:00,0.005852,2026-03-18T02:15:00+00:00,0.006091,9.850599244787384,6.85964912280701,6.168831168831172,2.5290498974709448,50.570896950304466,1194.0140833333332,4.0,2.0,sl,2026-03-18T05:09:31.391000+00:00,0.00596904,-1.9999999999999944,64.52318333333334
RVNUSDT,2026-03-18,winner,weak,32993,1855352.621638,2026-03-18T04:05:00+00:00,0.005852,2026-03-18T02:15:00+00:00,0.006091,9.850599244787384,6.85964912280701,6.168831168831172,2.5290498974709448,50.570896950304466,1194.0140833333332,4.0,2.5,sl,2026-03-18T05:13:00.824000+00:00,0.0059983,-2.4999999999999893,68.01373333333333
RVNUSDT,2026-03-18,winner,weak,32993,1855352.621638,2026-03-18T04:05:00+00:00,0.005852,2026-03-18T02:15:00+00:00,0.006091,9.850599244787384,6.85964912280701,6.168831168831172,2.5290498974709448,50.570896950304466,1194.0140833333332,4.0,3.0,tp,2026-03-18T13:00:45.794000+00:00,0.00561792,4.0000000000000036,535.7632333333333
RVNUSDT,2026-03-18,winner,weak,32993,1855352.621638,2026-03-18T04:05:00+00:00,0.005852,2026-03-18T02:15:00+00:00,0.006091,9.850599244787384,6.85964912280701,6.168831168831172,2.5290498974709448,50.570896950304466,1194.0140833333332,4.0,4.0,tp,2026-03-18T13:00:45.794000+00:00,0.00561792,4.0000000000000036,535.7632333333333
RVNUSDT,2026-03-18,winner,weak,32993,1855352.621638,2026-03-18T04:05:00+00:00,0.005852,2026-03-18T02:15:00+00:00,0.006091,9.850599244787384,6.85964912280701,6.168831168831172,2.5290498974709448,50.570896950304466,1194.0140833333332,4.0,5.0,tp,2026-03-18T13:00:45.794000+00:00,0.00561792,4.0000000000000036,535.7632333333333
RVNUSDT,2026-03-18,winner,weak,32993,1855352.621638,2026-03-18T04:05:00+00:00,0.005852,2026-03-18T02:15:00+00:00,0.006091,9.850599244787384,6.85964912280701,6.168831168831172,2.5290498974709448,50.570896950304466,1194.0140833333332,4.0,7.000000000000001,tp,2026-03-18T13:00:45.794000+00:00,0.00561792,4.0000000000000036,535.7632333333333
RVNUSDT,2026-03-18,winner,weak,32993,1855352.621638,2026-03-18T04:05:00+00:00,0.005852,2026-03-18T02:15:00+00:00,0.006091,9.850599244787384,6.85964912280701,6.168831168831172,2.5290498974709448,50.570896950304466,1194.0140833333332,5.0,1.0,sl,2026-03-18T05:01:23.964000+00:00,0.005910520000000001,-1.0000000000000044,56.3994
RVNUSDT,2026-03-18,winner,weak,32993,1855352.621638,2026-03-18T04:05:00+00:00,0.005852,2026-03-18T02:15:00+00:00,0.006091,9.850599244787384,6.85964912280701,6.168831168831172,2.5290498974709448,50.570896950304466,1194.0140833333332,5.0,1.5,sl,2026-03-18T05:02:39.912000+00:00,0.0059397799999999995,-1.4999999999999847,57.6652
RVNUSDT,2026-03-18,winner,weak,32993,1855352.621638,2026-03-18T04:05:00+00:00,0.005852,2026-03-18T02:15:00+00:00,0.006091,9.850599244787384,6.85964912280701,6.168831168831172,2.5290498974709448,50.570896950304466,1194.0140833333332,5.0,2.0,sl,2026-03-18T05:09:31.391000+00:00,0.00596904,-1.9999999999999944,64.52318333333334
RVNUSDT,2026-03-18,winner,weak,32993,1855352.621638,2026-03-18T04:05:00+00:00,0.005852,2026-03-18T02:15:00+00:00,0.006091,9.850599244787384,6.85964912280701,6.168831168831172,2.5290498974709448,50.570896950304466,1194.0140833333332,5.0,2.5,sl,2026-03-18T05:13:00.824000+00:00,0.0059983,-2.4999999999999893,68.01373333333333
RVNUSDT,2026-03-18,winner,weak,32993,1855352.621638,2026-03-18T04:05:00+00:00,0.005852,2026-03-18T02:15:00+00:00,0.006091,9.850599244787384,6.85964912280701,6.168831168831172,2.5290498974709448,50.570896950304466,1194.0140833333332,5.0,3.0,tp,2026-03-18T14:43:52.709000+00:00,0.0055594,5.000000000000008,638.8784833333334
RVNUSDT,2026-03-18,winner,weak,32993,1855352.621638,2026-03-18T04:05:00+00:00,0.005852,2026-03-18T02:15:00+00:00,0.006091,9.850599244787384,6.85964912280701,6.168831168831172,2.5290498974709448,50.570896950304466,1194.0140833333332,5.0,4.0,tp,2026-03-18T14:43:52.709000+00:00,0.0055594,5.000000000000008,638.8784833333334
RVNUSDT,2026-03-18,winner,weak,32993,1855352.621638,2026-03-18T04:05:00+00:00,0.005852,2026-03-18T02:15:00+00:00,0.006091,9.850599244787384,6.85964912280701,6.168831168831172,2.5290498974709448,50.570896950304466,1194.0140833333332,5.0,5.0,tp,2026-03-18T14:43:52.709000+00:00,0.0055594,5.000000000000008,638.8784833333334
RVNUSDT,2026-03-18,winner,weak,32993,1855352.621638,2026-03-18T04:05:00+00:00,0.005852,2026-03-18T02:15:00+00:00,0.006091,9.850599244787384,6.85964912280701,6.168831168831172,2.5290498974709448,50.570896950304466,1194.0140833333332,5.0,7.000000000000001,tp,2026-03-18T14:43:52.709000+00:00,0.0055594,5.000000000000008,638.8784833333334
RVNUSDT,2026-03-18,winner,weak,32993,1855352.621638,2026-03-18T04:05:00+00:00,0.005852,2026-03-18T02:15:00+00:00,0.006091,9.850599244787384,6.85964912280701,6.168831168831172,2.5290498974709448,50.570896950304466,1194.0140833333332,6.0,1.0,sl,2026-03-18T05:01:23.964000+00:00,0.005910520000000001,-1.0000000000000044,56.3994
RVNUSDT,2026-03-18,winner,weak,32993,1855352.621638,2026-03-18T04:05:00+00:00,0.005852,2026-03-18T02:15:00+00:00,0.006091,9.850599244787384,6.85964912280701,6.168831168831172,2.5290498974709448,50.570896950304466,1194.0140833333332,6.0,1.5,sl,2026-03-18T05:02:39.912000+00:00,0.0059397799999999995,-1.4999999999999847,57.6652
RVNUSDT,2026-03-18,winner,weak,32993,1855352.621638,2026-03-18T04:05:00+00:00,0.005852,2026-03-18T02:15:00+00:00,0.006091,9.850599244787384,6.85964912280701,6.168831168831172,2.5290498974709448,50.570896950304466,1194.0140833333332,6.0,2.0,sl,2026-03-18T05:09:31.391000+00:00,0.00596904,-1.9999999999999944,64.52318333333334
RVNUSDT,2026-03-18,winner,weak,32993,1855352.621638,2026-03-18T04:05:00+00:00,0.005852,2026-03-18T02:15:00+00:00,0.006091,9.850599244787384,6.85964912280701,6.168831168831172,2.5290498974709448,50.570896950304466,1194.0140833333332,6.0,2.5,sl,2026-03-18T05:13:00.824000+00:00,0.0059983,-2.4999999999999893,68.01373333333333
RVNUSDT,2026-03-18,winner,weak,32993,1855352.621638,2026-03-18T04:05:00+00:00,0.005852,2026-03-18T02:15:00+00:00,0.006091,9.850599244787384,6.85964912280701,6.168831168831172,2.5290498974709448,50.570896950304466,1194.0140833333332,6.0,3.0,tp,2026-03-18T15:01:55.354000+00:00,0.0055008800000000005,5.999999999999997,656.9225666666666
RVNUSDT,2026-03-18,winner,weak,32993,1855352.621638,2026-03-18T04:05:00+00:00,0.005852,2026-03-18T02:15:00+00:00,0.006091,9.850599244787384,6.85964912280701,6.168831168831172,2.5290498974709448,50.570896950304466,1194.0140833333332,6.0,4.0,tp,2026-03-18T15:01:55.354000+00:00,0.0055008800000000005,5.999999999999997,656.9225666666666
RVNUSDT,2026-03-18,winner,weak,32993,1855352.621638,2026-03-18T04:05:00+00:00,0.005852,2026-03-18T02:15:00+00:00,0.006091,9.850599244787384,6.85964912280701,6.168831168831172,2.5290498974709448,50.570896950304466,1194.0140833333332,6.0,5.0,tp,2026-03-18T15:01:55.354000+00:00,0.0055008800000000005,5.999999999999997,656.9225666666666
RVNUSDT,2026-03-18,winner,weak,32993,1855352.621638,2026-03-18T04:05:00+00:00,0.005852,2026-03-18T02:15:00+00:00,0.006091,9.850599244787384,6.85964912280701,6.168831168831172,2.5290498974709448,50.570896950304466,1194.0140833333332,6.0,7.000000000000001,tp,2026-03-18T15:01:55.354000+00:00,0.0055008800000000005,5.999999999999997,656.9225666666666
RVNUSDT,2026-03-18,winner,weak,32993,1855352.621638,2026-03-18T04:05:00+00:00,0.005852,2026-03-18T02:15:00+00:00,0.006091,9.850599244787384,6.85964912280701,6.168831168831172,2.5290498974709448,50.570896950304466,1194.0140833333332,7.000000000000001,1.0,sl,2026-03-18T05:01:23.964000+00:00,0.005910520000000001,-1.0000000000000044,56.3994
RVNUSDT,2026-03-18,winner,weak,32993,1855352.621638,2026-03-18T04:05:00+00:00,0.005852,2026-03-18T02:15:00+00:00,0.006091,9.850599244787384,6.85964912280701,6.168831168831172,2.5290498974709448,50.570896950304466,1194.0140833333332,7.000000000000001,1.5,sl,2026-03-18T05:02:39.912000+00:00,0.0059397799999999995,-1.4999999999999847,57.6652
RVNUSDT,2026-03-18,winner,weak,32993,1855352.621638,2026-03-18T04:05:00+00:00,0.005852,2026-03-18T02:15:00+00:00,0.006091,9.850599244787384,6.85964912280701,6.168831168831172,2.5290498974709448,50.570896950304466,1194.0140833333332,7.000000000000001,2.0,sl,2026-03-18T05:09:31.391000+00:00,0.00596904,-1.9999999999999944,64.52318333333334
RVNUSDT,2026-03-18,winner,weak,32993,1855352.621638,2026-03-18T04:05:00+00:00,0.005852,2026-03-18T02:15:00+00:00,0.006091,9.850599244787384,6.85964912280701,6.168831168831172,2.5290498974709448,50.570896950304466,1194.0140833333332,7.000000000000001,2.5,sl,2026-03-18T05:13:00.824000+00:00,0.0059983,-2.4999999999999893,68.01373333333333
RVNUSDT,2026-03-18,winner,weak,32993,1855352.621638,2026-03-18T04:05:00+00:00,0.005852,2026-03-18T02:15:00+00:00,0.006091,9.850599244787384,6.85964912280701,6.168831168831172,2.5290498974709448,50.570896950304466,1194.0140833333332,7.000000000000001,3.0,eod,2026-03-18T23:59:00.845000+00:00,0.005555,5.075187969924818,1194.0140833333332
RVNUSDT,2026-03-18,winner,weak,32993,1855352.621638,2026-03-18T04:05:00+00:00,0.005852,2026-03-18T02:15:00+00:00,0.006091,9.850599244787384,6.85964912280701,6.168831168831172,2.5290498974709448,50.570896950304466,1194.0140833333332,7.000000000000001,4.0,eod,2026-03-18T23:59:00.845000+00:00,0.005555,5.075187969924818,1194.0140833333332
RVNUSDT,2026-03-18,winner,weak,32993,1855352.621638,2026-03-18T04:05:00+00:00,0.005852,2026-03-18T02:15:00+00:00,0.006091,9.850599244787384,6.85964912280701,6.168831168831172,2.5290498974709448,50.570896950304466,1194.0140833333332,7.000000000000001,5.0,eod,2026-03-18T23:59:00.845000+00:00,0.005555,5.075187969924818,1194.0140833333332
RVNUSDT,2026-03-18,winner,weak,32993,1855352.621638,2026-03-18T04:05:00+00:00,0.005852,2026-03-18T02:15:00+00:00,0.006091,9.850599244787384,6.85964912280701,6.168831168831172,2.5290498974709448,50.570896950304466,1194.0140833333332,7.000000000000001,7.000000000000001,eod,2026-03-18T23:59:00.845000+00:00,0.005555,5.075187969924818,1194.0140833333332
RVNUSDT,2026-03-18,winner,weak,32993,1855352.621638,2026-03-18T04:05:00+00:00,0.005852,2026-03-18T02:15:00+00:00,0.006091,9.850599244787384,6.85964912280701,6.168831168831172,2.5290498974709448,50.570896950304466,1194.0140833333332,8.0,1.0,sl,2026-03-18T05:01:23.964000+00:00,0.005910520000000001,-1.0000000000000044,56.3994
RVNUSDT,2026-03-18,winner,weak,32993,1855352.621638,2026-03-18T04:05:00+00:00,0.005852,2026-03-18T02:15:00+00:00,0.006091,9.850599244787384,6.85964912280701,6.168831168831172,2.5290498974709448,50.570896950304466,1194.0140833333332,8.0,1.5,sl,2026-03-18T05:02:39.912000+00:00,0.0059397799999999995,-1.4999999999999847,57.6652
RVNUSDT,2026-03-18,winner,weak,32993,1855352.621638,2026-03-18T04:05:00+00:00,0.005852,2026-03-18T02:15:00+00:00,0.006091,9.850599244787384,6.85964912280701,6.168831168831172,2.5290498974709448,50.570896950304466,1194.0140833333332,8.0,2.0,sl,2026-03-18T05:09:31.391000+00:00,0.00596904,-1.9999999999999944,64.52318333333334
RVNUSDT,2026-03-18,winner,weak,32993,1855352.621638,2026-03-18T04:05:00+00:00,0.005852,2026-03-18T02:15:00+00:00,0.006091,9.850599244787384,6.85964912280701,6.168831168831172,2.5290498974709448,50.570896950304466,1194.0140833333332,8.0,2.5,sl,2026-03-18T05:13:00.824000+00:00,0.0059983,-2.4999999999999893,68.01373333333333
RVNUSDT,2026-03-18,winner,weak,32993,1855352.621638,2026-03-18T04:05:00+00:00,0.005852,2026-03-18T02:15:00+00:00,0.006091,9.850599244787384,6.85964912280701,6.168831168831172,2.5290498974709448,50.570896950304466,1194.0140833333332,8.0,3.0,eod,2026-03-18T23:59:00.845000+00:00,0.005555,5.075187969924818,1194.0140833333332
RVNUSDT,2026-03-18,winner,weak,32993,1855352.621638,2026-03-18T04:05:00+00:00,0.005852,2026-03-18T02:15:00+00:00,0.006091,9.850599244787384,6.85964912280701,6.168831168831172,2.5290498974709448,50.570896950304466,1194.0140833333332,8.0,4.0,eod,2026-03-18T23:59:00.845000+00:00,0.005555,5.075187969924818,1194.0140833333332
RVNUSDT,2026-03-18,winner,weak,32993,1855352.621638,2026-03-18T04:05:00+00:00,0.005852,2026-03-18T02:15:00+00:00,0.006091,9.850599244787384,6.85964912280701,6.168831168831172,2.5290498974709448,50.570896950304466,1194.0140833333332,8.0,5.0,eod,2026-03-18T23:59:00.845000+00:00,0.005555,5.075187969924818,1194.0140833333332
RVNUSDT,2026-03-18,winner,weak,32993,1855352.621638,2026-03-18T04:05:00+00:00,0.005852,2026-03-18T02:15:00+00:00,0.006091,9.850599244787384,6.85964912280701,6.168831168831172,2.5290498974709448,50.570896950304466,1194.0140833333332,8.0,7.000000000000001,eod,2026-03-18T23:59:00.845000+00:00,0.005555,5.075187969924818,1194.0140833333332
RVNUSDT,2026-03-18,winner,weak,32993,1855352.621638,2026-03-18T04:05:00+00:00,0.005852,2026-03-18T02:15:00+00:00,0.006091,9.850599244787384,6.85964912280701,6.168831168831172,2.5290498974709448,50.570896950304466,1194.0140833333332,10.0,1.0,sl,2026-03-18T05:01:23.964000+00:00,0.005910520000000001,-1.0000000000000044,56.3994
RVNUSDT,2026-03-18,winner,weak,32993,1855352.621638,2026-03-18T04:05:00+00:00,0.005852,2026-03-18T02:15:00+00:00,0.006091,9.850599244787384,6.85964912280701,6.168831168831172,2.5290498974709448,50.570896950304466,1194.0140833333332,10.0,1.5,sl,2026-03-18T05:02:39.912000+00:00,0.0059397799999999995,-1.4999999999999847,57.6652
RVNUSDT,2026-03-18,winner,weak,32993,1855352.621638,2026-03-18T04:05:00+00:00,0.005852,2026-03-18T02:15:00+00:00,0.006091,9.850599244787384,6.85964912280701,6.168831168831172,2.5290498974709448,50.570896950304466,1194.0140833333332,10.0,2.0,sl,2026-03-18T05:09:31.391000+00:00,0.00596904,-1.9999999999999944,64.52318333333334
RVNUSDT,2026-03-18,winner,weak,32993,1855352.621638,2026-03-18T04:05:00+00:00,0.005852,2026-03-18T02:15:00+00:00,0.006091,9.850599244787384,6.85964912280701,6.168831168831172,2.5290498974709448,50.570896950304466,1194.0140833333332,10.0,2.5,sl,2026-03-18T05:13:00.824000+00:00,0.0059983,-2.4999999999999893,68.01373333333333
RVNUSDT,2026-03-18,winner,weak,32993,1855352.621638,2026-03-18T04:05:00+00:00,0.005852,2026-03-18T02:15:00+00:00,0.006091,9.850599244787384,6.85964912280701,6.168831168831172,2.5290498974709448,50.570896950304466,1194.0140833333332,10.0,3.0,eod,2026-03-18T23:59:00.845000+00:00,0.005555,5.075187969924818,1194.0140833333332
RVNUSDT,2026-03-18,winner,weak,32993,1855352.621638,2026-03-18T04:05:00+00:00,0.005852,2026-03-18T02:15:00+00:00,0.006091,9.850599244787384,6.85964912280701,6.168831168831172,2.5290498974709448,50.570896950304466,1194.0140833333332,10.0,4.0,eod,2026-03-18T23:59:00.845000+00:00,0.005555,5.075187969924818,1194.0140833333332
RVNUSDT,2026-03-18,winner,weak,32993,1855352.621638,2026-03-18T04:05:00+00:00,0.005852,2026-03-18T02:15:00+00:00,0.006091,9.850599244787384,6.85964912280701,6.168831168831172,2.5290498974709448,50.570896950304466,1194.0140833333332,10.0,5.0,eod,2026-03-18T23:59:00.845000+00:00,0.005555,5.075187969924818,1194.0140833333332
RVNUSDT,2026-03-18,winner,weak,32993,1855352.621638,2026-03-18T04:05:00+00:00,0.005852,2026-03-18T02:15:00+00:00,0.006091,9.850599244787384,6.85964912280701,6.168831168831172,2.5290498974709448,50.570896950304466,1194.0140833333332,10.0,7.000000000000001,eod,2026-03-18T23:59:00.845000+00:00,0.005555,5.075187969924818,1194.0140833333332
RVNUSDT,2026-03-18,winner,weak,32993,1855352.621638,2026-03-18T04:05:00+00:00,0.005852,2026-03-18T02:15:00+00:00,0.006091,9.850599244787384,6.85964912280701,6.168831168831172,2.5290498974709448,50.570896950304466,1194.0140833333332,12.0,1.0,sl,2026-03-18T05:01:23.964000+00:00,0.005910520000000001,-1.0000000000000044,56.3994
RVNUSDT,2026-03-18,winner,weak,32993,1855352.621638,2026-03-18T04:05:00+00:00,0.005852,2026-03-18T02:15:00+00:00,0.006091,9.850599244787384,6.85964912280701,6.168831168831172,2.5290498974709448,50.570896950304466,1194.0140833333332,12.0,1.5,sl,2026-03-18T05:02:39.912000+00:00,0.0059397799999999995,-1.4999999999999847,57.6652
RVNUSDT,2026-03-18,winner,weak,32993,1855352.621638,2026-03-18T04:05:00+00:00,0.005852,2026-03-18T02:15:00+00:00,0.006091,9.850599244787384,6.85964912280701,6.168831168831172,2.5290498974709448,50.570896950304466,1194.0140833333332,12.0,2.0,sl,2026-03-18T05:09:31.391000+00:00,0.00596904,-1.9999999999999944,64.52318333333334
RVNUSDT,2026-03-18,winner,weak,32993,1855352.621638,2026-03-18T04:05:00+00:00,0.005852,2026-03-18T02:15:00+00:00,0.006091,9.850599244787384,6.85964912280701,6.168831168831172,2.5290498974709448,50.570896950304466,1194.0140833333332,12.0,2.5,sl,2026-03-18T05:13:00.824000+00:00,0.0059983,-2.4999999999999893,68.01373333333333
RVNUSDT,2026-03-18,winner,weak,32993,1855352.621638,2026-03-18T04:05:00+00:00,0.005852,2026-03-18T02:15:00+00:00,0.006091,9.850599244787384,6.85964912280701,6.168831168831172,2.5290498974709448,50.570896950304466,1194.0140833333332,12.0,3.0,eod,2026-03-18T23:59:00.845000+00:00,0.005555,5.075187969924818,1194.0140833333332
RVNUSDT,2026-03-18,winner,weak,32993,1855352.621638,2026-03-18T04:05:00+00:00,0.005852,2026-03-18T02:15:00+00:00,0.006091,9.850599244787384,6.85964912280701,6.168831168831172,2.5290498974709448,50.570896950304466,1194.0140833333332,12.0,4.0,eod,2026-03-18T23:59:00.845000+00:00,0.005555,5.075187969924818,1194.0140833333332
RVNUSDT,2026-03-18,winner,weak,32993,1855352.621638,2026-03-18T04:05:00+00:00,0.005852,2026-03-18T02:15:00+00:00,0.006091,9.850599244787384,6.85964912280701,6.168831168831172,2.5290498974709448,50.570896950304466,1194.0140833333332,12.0,5.0,eod,2026-03-18T23:59:00.845000+00:00,0.005555,5.075187969924818,1194.0140833333332
RVNUSDT,2026-03-18,winner,weak,32993,1855352.621638,2026-03-18T04:05:00+00:00,0.005852,2026-03-18T02:15:00+00:00,0.006091,9.850599244787384,6.85964912280701,6.168831168831172,2.5290498974709448,50.570896950304466,1194.0140833333332,12.0,7.000000000000001,eod,2026-03-18T23:59:00.845000+00:00,0.005555,5.075187969924818,1194.0140833333332
RVNUSDT,2026-03-18,winner,weak,32993,1855352.621638,2026-03-18T04:05:00+00:00,0.005852,2026-03-18T02:15:00+00:00,0.006091,9.850599244787384,6.85964912280701,6.168831168831172,2.5290498974709448,50.570896950304466,1194.0140833333332,15.0,1.0,sl,2026-03-18T05:01:23.964000+00:00,0.005910520000000001,-1.0000000000000044,56.3994
RVNUSDT,2026-03-18,winner,weak,32993,1855352.621638,2026-03-18T04:05:00+00:00,0.005852,2026-03-18T02:15:00+00:00,0.006091,9.850599244787384,6.85964912280701,6.168831168831172,2.5290498974709448,50.570896950304466,1194.0140833333332,15.0,1.5,sl,2026-03-18T05:02:39.912000+00:00,0.0059397799999999995,-1.4999999999999847,57.6652
RVNUSDT,2026-03-18,winner,weak,32993,1855352.621638,2026-03-18T04:05:00+00:00,0.005852,2026-03-18T02:15:00+00:00,0.006091,9.850599244787384,6.85964912280701,6.168831168831172,2.5290498974709448,50.570896950304466,1194.0140833333332,15.0,2.0,sl,2026-03-18T05:09:31.391000+00:00,0.00596904,-1.9999999999999944,64.52318333333334
RVNUSDT,2026-03-18,winner,weak,32993,1855352.621638,2026-03-18T04:05:00+00:00,0.005852,2026-03-18T02:15:00+00:00,0.006091,9.850599244787384,6.85964912280701,6.168831168831172,2.5290498974709448,50.570896950304466,1194.0140833333332,15.0,2.5,sl,2026-03-18T05:13:00.824000+00:00,0.0059983,-2.4999999999999893,68.01373333333333
RVNUSDT,2026-03-18,winner,weak,32993,1855352.621638,2026-03-18T04:05:00+00:00,0.005852,2026-03-18T02:15:00+00:00,0.006091,9.850599244787384,6.85964912280701,6.168831168831172,2.5290498974709448,50.570896950304466,1194.0140833333332,15.0,3.0,eod,2026-03-18T23:59:00.845000+00:00,0.005555,5.075187969924818,1194.0140833333332
RVNUSDT,2026-03-18,winner,weak,32993,1855352.621638,2026-03-18T04:05:00+00:00,0.005852,2026-03-18T02:15:00+00:00,0.006091,9.850599244787384,6.85964912280701,6.168831168831172,2.5290498974709448,50.570896950304466,1194.0140833333332,15.0,4.0,eod,2026-03-18T23:59:00.845000+00:00,0.005555,5.075187969924818,1194.0140833333332
RVNUSDT,2026-03-18,winner,weak,32993,1855352.621638,2026-03-18T04:05:00+00:00,0.005852,2026-03-18T02:15:00+00:00,0.006091,9.850599244787384,6.85964912280701,6.168831168831172,2.5290498974709448,50.570896950304466,1194.0140833333332,15.0,5.0,eod,2026-03-18T23:59:00.845000+00:00,0.005555,5.075187969924818,1194.0140833333332
RVNUSDT,2026-03-18,winner,weak,32993,1855352.621638,2026-03-18T04:05:00+00:00,0.005852,2026-03-18T02:15:00+00:00,0.006091,9.850599244787384,6.85964912280701,6.168831168831172,2.5290498974709448,50.570896950304466,1194.0140833333332,15.0,7.000000000000001,eod,2026-03-18T23:59:00.845000+00:00,0.005555,5.075187969924818,1194.0140833333332
RVNUSDT,2026-03-18,winner,weak,32993,1855352.621638,2026-03-18T04:05:00+00:00,0.005852,2026-03-18T02:15:00+00:00,0.006091,9.850599244787384,6.85964912280701,6.168831168831172,2.5290498974709448,50.570896950304466,1194.0140833333332,20.0,1.0,sl,2026-03-18T05:01:23.964000+00:00,0.005910520000000001,-1.0000000000000044,56.3994
RVNUSDT,2026-03-18,winner,weak,32993,1855352.621638,2026-03-18T04:05:00+00:00,0.005852,2026-03-18T02:15:00+00:00,0.006091,9.850599244787384,6.85964912280701,6.168831168831172,2.5290498974709448,50.570896950304466,1194.0140833333332,20.0,1.5,sl,2026-03-18T05:02:39.912000+00:00,0.0059397799999999995,-1.4999999999999847,57.6652
RVNUSDT,2026-03-18,winner,weak,32993,1855352.621638,2026-03-18T04:05:00+00:00,0.005852,2026-03-18T02:15:00+00:00,0.006091,9.850599244787384,6.85964912280701,6.168831168831172,2.5290498974709448,50.570896950304466,1194.0140833333332,20.0,2.0,sl,2026-03-18T05:09:31.391000+00:00,0.00596904,-1.9999999999999944,64.52318333333334
RVNUSDT,2026-03-18,winner,weak,32993,1855352.621638,2026-03-18T04:05:00+00:00,0.005852,2026-03-18T02:15:00+00:00,0.006091,9.850599244787384,6.85964912280701,6.168831168831172,2.5290498974709448,50.570896950304466,1194.0140833333332,20.0,2.5,sl,2026-03-18T05:13:00.824000+00:00,0.0059983,-2.4999999999999893,68.01373333333333
RVNUSDT,2026-03-18,winner,weak,32993,1855352.621638,2026-03-18T04:05:00+00:00,0.005852,2026-03-18T02:15:00+00:00,0.006091,9.850599244787384,6.85964912280701,6.168831168831172,2.5290498974709448,50.570896950304466,1194.0140833333332,20.0,3.0,eod,2026-03-18T23:59:00.845000+00:00,0.005555,5.075187969924818,1194.0140833333332
RVNUSDT,2026-03-18,winner,weak,32993,1855352.621638,2026-03-18T04:05:00+00:00,0.005852,2026-03-18T02:15:00+00:00,0.006091,9.850599244787384,6.85964912280701,6.168831168831172,2.5290498974709448,50.570896950304466,1194.0140833333332,20.0,4.0,eod,2026-03-18T23:59:00.845000+00:00,0.005555,5.075187969924818,1194.0140833333332
RVNUSDT,2026-03-18,winner,weak,32993,1855352.621638,2026-03-18T04:05:00+00:00,0.005852,2026-03-18T02:15:00+00:00,0.006091,9.850599244787384,6.85964912280701,6.168831168831172,2.5290498974709448,50.570896950304466,1194.0140833333332,20.0,5.0,eod,2026-03-18T23:59:00.845000+00:00,0.005555,5.075187969924818,1194.0140833333332
RVNUSDT,2026-03-18,winner,weak,32993,1855352.621638,2026-03-18T04:05:00+00:00,0.005852,2026-03-18T02:15:00+00:00,0.006091,9.850599244787384,6.85964912280701,6.168831168831172,2.5290498974709448,50.570896950304466,1194.0140833333332,20.0,7.000000000000001,eod,2026-03-18T23:59:00.845000+00:00,0.005555,5.075187969924818,1194.0140833333332
ENJUSDT,2026-03-18,winner,pump,1706668,86479582.2552878,2026-03-18T10:10:00+00:00,0.025556,2026-03-18T09:05:00+00:00,0.029,23.96551724137931,44.264252313202675,13.718891845359208,5.626858663327602,50.47677074135738,829.9999166666668,3.0,1.0,sl,2026-03-18T10:10:00.031000+00:00,0.02581156,-1.0000000000000075,0.0005166666666666667
ENJUSDT,2026-03-18,winner,pump,1706668,86479582.2552878,2026-03-18T10:10:00+00:00,0.025556,2026-03-18T09:05:00+00:00,0.029,23.96551724137931,44.264252313202675,13.718891845359208,5.626858663327602,50.47677074135738,829.9999166666668,3.0,1.5,sl,2026-03-18T10:10:00.031000+00:00,0.025939339999999995,-1.499999999999984,0.0005166666666666667
ENJUSDT,2026-03-18,winner,pump,1706668,86479582.2552878,2026-03-18T10:10:00+00:00,0.025556,2026-03-18T09:05:00+00:00,0.029,23.96551724137931,44.264252313202675,13.718891845359208,5.626858663327602,50.47677074135738,829.9999166666668,3.0,2.0,sl,2026-03-18T10:10:41.629000+00:00,0.02606712,-2.0000000000000013,0.6938166666666666
ENJUSDT,2026-03-18,winner,pump,1706668,86479582.2552878,2026-03-18T10:10:00+00:00,0.025556,2026-03-18T09:05:00+00:00,0.029,23.96551724137931,44.264252313202675,13.718891845359208,5.626858663327602,50.47677074135738,829.9999166666668,3.0,2.5,sl,2026-03-18T10:42:22.630000+00:00,0.026194899999999997,-2.4999999999999916,32.37716666666667
ENJUSDT,2026-03-18,winner,pump,1706668,86479582.2552878,2026-03-18T10:10:00+00:00,0.025556,2026-03-18T09:05:00+00:00,0.029,23.96551724137931,44.264252313202675,13.718891845359208,5.626858663327602,50.47677074135738,829.9999166666668,3.0,3.0,sl,2026-03-18T10:45:30.657000+00:00,0.02632268,-3.000000000000009,35.51095
ENJUSDT,2026-03-18,winner,pump,1706668,86479582.2552878,2026-03-18T10:10:00+00:00,0.025556,2026-03-18T09:05:00+00:00,0.029,23.96551724137931,44.264252313202675,13.718891845359208,5.626858663327602,50.47677074135738,829.9999166666668,3.0,4.0,sl,2026-03-18T11:04:20.796000+00:00,0.02657824,-4.000000000000003,54.346599999999995
ENJUSDT,2026-03-18,winner,pump,1706668,86479582.2552878,2026-03-18T10:10:00+00:00,0.025556,2026-03-18T09:05:00+00:00,0.029,23.96551724137931,44.264252313202675,13.718891845359208,5.626858663327602,50.47677074135738,829.9999166666668,3.0,5.0,sl,2026-03-18T11:12:23.092000+00:00,0.0268338,-5.00000000000001,62.38486666666667
ENJUSDT,2026-03-18,winner,pump,1706668,86479582.2552878,2026-03-18T10:10:00+00:00,0.025556,2026-03-18T09:05:00+00:00,0.029,23.96551724137931,44.264252313202675,13.718891845359208,5.626858663327602,50.47677074135738,829.9999166666668,3.0,7.000000000000001,tp,2026-03-18T13:00:06.746000+00:00,0.024789319999999997,3.000000000000009,170.1124333333333
ENJUSDT,2026-03-18,winner,pump,1706668,86479582.2552878,2026-03-18T10:10:00+00:00,0.025556,2026-03-18T09:05:00+00:00,0.029,23.96551724137931,44.264252313202675,13.718891845359208,5.626858663327602,50.47677074135738,829.9999166666668,4.0,1.0,sl,2026-03-18T10:10:00.031000+00:00,0.02581156,-1.0000000000000075,0.0005166666666666667
ENJUSDT,2026-03-18,winner,pump,1706668,86479582.2552878,2026-03-18T10:10:00+00:00,0.025556,2026-03-18T09:05:00+00:00,0.029,23.96551724137931,44.264252313202675,13.718891845359208,5.626858663327602,50.47677074135738,829.9999166666668,4.0,1.5,sl,2026-03-18T10:10:00.031000+00:00,0.025939339999999995,-1.499999999999984,0.0005166666666666667
ENJUSDT,2026-03-18,winner,pump,1706668,86479582.2552878,2026-03-18T10:10:00+00:00,0.025556,2026-03-18T09:05:00+00:00,0.029,23.96551724137931,44.264252313202675,13.718891845359208,5.626858663327602,50.47677074135738,829.9999166666668,4.0,2.0,sl,2026-03-18T10:10:41.629000+00:00,0.02606712,-2.0000000000000013,0.6938166666666666
ENJUSDT,2026-03-18,winner,pump,1706668,86479582.2552878,2026-03-18T10:10:00+00:00,0.025556,2026-03-18T09:05:00+00:00,0.029,23.96551724137931,44.264252313202675,13.718891845359208,5.626858663327602,50.47677074135738,829.9999166666668,4.0,2.5,sl,2026-03-18T10:42:22.630000+00:00,0.026194899999999997,-2.4999999999999916,32.37716666666667
ENJUSDT,2026-03-18,winner,pump,1706668,86479582.2552878,2026-03-18T10:10:00+00:00,0.025556,2026-03-18T09:05:00+00:00,0.029,23.96551724137931,44.264252313202675,13.718891845359208,5.626858663327602,50.47677074135738,829.9999166666668,4.0,3.0,sl,2026-03-18T10:45:30.657000+00:00,0.02632268,-3.000000000000009,35.51095
ENJUSDT,2026-03-18,winner,pump,1706668,86479582.2552878,2026-03-18T10:10:00+00:00,0.025556,2026-03-18T09:05:00+00:00,0.029,23.96551724137931,44.264252313202675,13.718891845359208,5.626858663327602,50.47677074135738,829.9999166666668,4.0,4.0,sl,2026-03-18T11:04:20.796000+00:00,0.02657824,-4.000000000000003,54.346599999999995
ENJUSDT,2026-03-18,winner,pump,1706668,86479582.2552878,2026-03-18T10:10:00+00:00,0.025556,2026-03-18T09:05:00+00:00,0.029,23.96551724137931,44.264252313202675,13.718891845359208,5.626858663327602,50.47677074135738,829.9999166666668,4.0,5.0,sl,2026-03-18T11:12:23.092000+00:00,0.0268338,-5.00000000000001,62.38486666666667
ENJUSDT,2026-03-18,winner,pump,1706668,86479582.2552878,2026-03-18T10:10:00+00:00,0.025556,2026-03-18T09:05:00+00:00,0.029,23.96551724137931,44.264252313202675,13.718891845359208,5.626858663327602,50.47677074135738,829.9999166666668,4.0,7.000000000000001,tp,2026-03-18T13:00:07.059000+00:00,0.024533759999999998,4.000000000000003,170.11765
ENJUSDT,2026-03-18,winner,pump,1706668,86479582.2552878,2026-03-18T10:10:00+00:00,0.025556,2026-03-18T09:05:00+00:00,0.029,23.96551724137931,44.264252313202675,13.718891845359208,5.626858663327602,50.47677074135738,829.9999166666668,5.0,1.0,sl,2026-03-18T10:10:00.031000+00:00,0.02581156,-1.0000000000000075,0.0005166666666666667
ENJUSDT,2026-03-18,winner,pump,1706668,86479582.2552878,2026-03-18T10:10:00+00:00,0.025556,2026-03-18T09:05:00+00:00,0.029,23.96551724137931,44.264252313202675,13.718891845359208,5.626858663327602,50.47677074135738,829.9999166666668,5.0,1.5,sl,2026-03-18T10:10:00.031000+00:00,0.025939339999999995,-1.499999999999984,0.0005166666666666667
ENJUSDT,2026-03-18,winner,pump,1706668,86479582.2552878,2026-03-18T10:10:00+00:00,0.025556,2026-03-18T09:05:00+00:00,0.029,23.96551724137931,44.264252313202675,13.718891845359208,5.626858663327602,50.47677074135738,829.9999166666668,5.0,2.0,sl,2026-03-18T10:10:41.629000+00:00,0.02606712,-2.0000000000000013,0.6938166666666666
ENJUSDT,2026-03-18,winner,pump,1706668,86479582.2552878,2026-03-18T10:10:00+00:00,0.025556,2026-03-18T09:05:00+00:00,0.029,23.96551724137931,44.264252313202675,13.718891845359208,5.626858663327602,50.47677074135738,829.9999166666668,5.0,2.5,sl,2026-03-18T10:42:22.630000+00:00,0.026194899999999997,-2.4999999999999916,32.37716666666667
ENJUSDT,2026-03-18,winner,pump,1706668,86479582.2552878,2026-03-18T10:10:00+00:00,0.025556,2026-03-18T09:05:00+00:00,0.029,23.96551724137931,44.264252313202675,13.718891845359208,5.626858663327602,50.47677074135738,829.9999166666668,5.0,3.0,sl,2026-03-18T10:45:30.657000+00:00,0.02632268,-3.000000000000009,35.51095
ENJUSDT,2026-03-18,winner,pump,1706668,86479582.2552878,2026-03-18T10:10:00+00:00,0.025556,2026-03-18T09:05:00+00:00,0.029,23.96551724137931,44.264252313202675,13.718891845359208,5.626858663327602,50.47677074135738,829.9999166666668,5.0,4.0,sl,2026-03-18T11:04:20.796000+00:00,0.02657824,-4.000000000000003,54.346599999999995
ENJUSDT,2026-03-18,winner,pump,1706668,86479582.2552878,2026-03-18T10:10:00+00:00,0.025556,2026-03-18T09:05:00+00:00,0.029,23.96551724137931,44.264252313202675,13.718891845359208,5.626858663327602,50.47677074135738,829.9999166666668,5.0,5.0,sl,2026-03-18T11:12:23.092000+00:00,0.0268338,-5.00000000000001,62.38486666666667
ENJUSDT,2026-03-18,winner,pump,1706668,86479582.2552878,2026-03-18T10:10:00+00:00,0.025556,2026-03-18T09:05:00+00:00,0.029,23.96551724137931,44.264252313202675,13.718891845359208,5.626858663327602,50.47677074135738,829.9999166666668,5.0,7.000000000000001,tp,2026-03-18T13:05:10.866000+00:00,0.024278199999999996,5.00000000000001,175.1811
ENJUSDT,2026-03-18,winner,pump,1706668,86479582.2552878,2026-03-18T10:10:00+00:00,0.025556,2026-03-18T09:05:00+00:00,0.029,23.96551724137931,44.264252313202675,13.718891845359208,5.626858663327602,50.47677074135738,829.9999166666668,6.0,1.0,sl,2026-03-18T10:10:00.031000+00:00,0.02581156,-1.0000000000000075,0.0005166666666666667
ENJUSDT,2026-03-18,winner,pump,1706668,86479582.2552878,2026-03-18T10:10:00+00:00,0.025556,2026-03-18T09:05:00+00:00,0.029,23.96551724137931,44.264252313202675,13.718891845359208,5.626858663327602,50.47677074135738,829.9999166666668,6.0,1.5,sl,2026-03-18T10:10:00.031000+00:00,0.025939339999999995,-1.499999999999984,0.0005166666666666667
ENJUSDT,2026-03-18,winner,pump,1706668,86479582.2552878,2026-03-18T10:10:00+00:00,0.025556,2026-03-18T09:05:00+00:00,0.029,23.96551724137931,44.264252313202675,13.718891845359208,5.626858663327602,50.47677074135738,829.9999166666668,6.0,2.0,sl,2026-03-18T10:10:41.629000+00:00,0.02606712,-2.0000000000000013,0.6938166666666666
ENJUSDT,2026-03-18,winner,pump,1706668,86479582.2552878,2026-03-18T10:10:00+00:00,0.025556,2026-03-18T09:05:00+00:00,0.029,23.96551724137931,44.264252313202675,13.718891845359208,5.626858663327602,50.47677074135738,829.9999166666668,6.0,2.5,sl,2026-03-18T10:42:22.630000+00:00,0.026194899999999997,-2.4999999999999916,32.37716666666667
ENJUSDT,2026-03-18,winner,pump,1706668,86479582.2552878,2026-03-18T10:10:00+00:00,0.025556,2026-03-18T09:05:00+00:00,0.029,23.96551724137931,44.264252313202675,13.718891845359208,5.626858663327602,50.47677074135738,829.9999166666668,6.0,3.0,sl,2026-03-18T10:45:30.657000+00:00,0.02632268,-3.000000000000009,35.51095
ENJUSDT,2026-03-18,winner,pump,1706668,86479582.2552878,2026-03-18T10:10:00+00:00,0.025556,2026-03-18T09:05:00+00:00,0.029,23.96551724137931,44.264252313202675,13.718891845359208,5.626858663327602,50.47677074135738,829.9999166666668,6.0,4.0,sl,2026-03-18T11:04:20.796000+00:00,0.02657824,-4.000000000000003,54.346599999999995
ENJUSDT,2026-03-18,winner,pump,1706668,86479582.2552878,2026-03-18T10:10:00+00:00,0.025556,2026-03-18T09:05:00+00:00,0.029,23.96551724137931,44.264252313202675,13.718891845359208,5.626858663327602,50.47677074135738,829.9999166666668,6.0,5.0,sl,2026-03-18T11:12:23.092000+00:00,0.0268338,-5.00000000000001,62.38486666666667
ENJUSDT,2026-03-18,winner,pump,1706668,86479582.2552878,2026-03-18T10:10:00+00:00,0.025556,2026-03-18T09:05:00+00:00,0.029,23.96551724137931,44.264252313202675,13.718891845359208,5.626858663327602,50.47677074135738,829.9999166666668,6.0,7.000000000000001,tp,2026-03-18T13:40:01.688000+00:00,0.024022639999999998,6.0000000000000036,210.02813333333333
ENJUSDT,2026-03-18,winner,pump,1706668,86479582.2552878,2026-03-18T10:10:00+00:00,0.025556,2026-03-18T09:05:00+00:00,0.029,23.96551724137931,44.264252313202675,13.718891845359208,5.626858663327602,50.47677074135738,829.9999166666668,7.000000000000001,1.0,sl,2026-03-18T10:10:00.031000+00:00,0.02581156,-1.0000000000000075,0.0005166666666666667
ENJUSDT,2026-03-18,winner,pump,1706668,86479582.2552878,2026-03-18T10:10:00+00:00,0.025556,2026-03-18T09:05:00+00:00,0.029,23.96551724137931,44.264252313202675,13.718891845359208,5.626858663327602,50.47677074135738,829.9999166666668,7.000000000000001,1.5,sl,2026-03-18T10:10:00.031000+00:00,0.025939339999999995,-1.499999999999984,0.0005166666666666667
ENJUSDT,2026-03-18,winner,pump,1706668,86479582.2552878,2026-03-18T10:10:00+00:00,0.025556,2026-03-18T09:05:00+00:00,0.029,23.96551724137931,44.264252313202675,13.718891845359208,5.626858663327602,50.47677074135738,829.9999166666668,7.000000000000001,2.0,sl,2026-03-18T10:10:41.629000+00:00,0.02606712,-2.0000000000000013,0.6938166666666666
ENJUSDT,2026-03-18,winner,pump,1706668,86479582.2552878,2026-03-18T10:10:00+00:00,0.025556,2026-03-18T09:05:00+00:00,0.029,23.96551724137931,44.264252313202675,13.718891845359208,5.626858663327602,50.47677074135738,829.9999166666668,7.000000000000001,2.5,sl,2026-03-18T10:42:22.630000+00:00,0.026194899999999997,-2.4999999999999916,32.37716666666667
ENJUSDT,2026-03-18,winner,pump,1706668,86479582.2552878,2026-03-18T10:10:00+00:00,0.025556,2026-03-18T09:05:00+00:00,0.029,23.96551724137931,44.264252313202675,13.718891845359208,5.626858663327602,50.47677074135738,829.9999166666668,7.000000000000001,3.0,sl,2026-03-18T10:45:30.657000+00:00,0.02632268,-3.000000000000009,35.51095
ENJUSDT,2026-03-18,winner,pump,1706668,86479582.2552878,2026-03-18T10:10:00+00:00,0.025556,2026-03-18T09:05:00+00:00,0.029,23.96551724137931,44.264252313202675,13.718891845359208,5.626858663327602,50.47677074135738,829.9999166666668,7.000000000000001,4.0,sl,2026-03-18T11:04:20.796000+00:00,0.02657824,-4.000000000000003,54.346599999999995
ENJUSDT,2026-03-18,winner,pump,1706668,86479582.2552878,2026-03-18T10:10:00+00:00,0.025556,2026-03-18T09:05:00+00:00,0.029,23.96551724137931,44.264252313202675,13.718891845359208,5.626858663327602,50.47677074135738,829.9999166666668,7.000000000000001,5.0,sl,2026-03-18T11:12:23.092000+00:00,0.0268338,-5.00000000000001,62.38486666666667
ENJUSDT,2026-03-18,winner,pump,1706668,86479582.2552878,2026-03-18T10:10:00+00:00,0.025556,2026-03-18T09:05:00+00:00,0.029,23.96551724137931,44.264252313202675,13.718891845359208,5.626858663327602,50.47677074135738,829.9999166666668,7.000000000000001,7.000000000000001,tp,2026-03-18T13:59:10.168000+00:00,0.023767079999999996,7.0000000000000115,229.16946666666666
ENJUSDT,2026-03-18,winner,pump,1706668,86479582.2552878,2026-03-18T10:10:00+00:00,0.025556,2026-03-18T09:05:00+00:00,0.029,23.96551724137931,44.264252313202675,13.718891845359208,5.626858663327602,50.47677074135738,829.9999166666668,8.0,1.0,sl,2026-03-18T10:10:00.031000+00:00,0.02581156,-1.0000000000000075,0.0005166666666666667
ENJUSDT,2026-03-18,winner,pump,1706668,86479582.2552878,2026-03-18T10:10:00+00:00,0.025556,2026-03-18T09:05:00+00:00,0.029,23.96551724137931,44.264252313202675,13.718891845359208,5.626858663327602,50.47677074135738,829.9999166666668,8.0,1.5,sl,2026-03-18T10:10:00.031000+00:00,0.025939339999999995,-1.499999999999984,0.0005166666666666667
ENJUSDT,2026-03-18,winner,pump,1706668,86479582.2552878,2026-03-18T10:10:00+00:00,0.025556,2026-03-18T09:05:00+00:00,0.029,23.96551724137931,44.264252313202675,13.718891845359208,5.626858663327602,50.47677074135738,829.9999166666668,8.0,2.0,sl,2026-03-18T10:10:41.629000+00:00,0.02606712,-2.0000000000000013,0.6938166666666666
ENJUSDT,2026-03-18,winner,pump,1706668,86479582.2552878,2026-03-18T10:10:00+00:00,0.025556,2026-03-18T09:05:00+00:00,0.029,23.96551724137931,44.264252313202675,13.718891845359208,5.626858663327602,50.47677074135738,829.9999166666668,8.0,2.5,sl,2026-03-18T10:42:22.630000+00:00,0.026194899999999997,-2.4999999999999916,32.37716666666667
ENJUSDT,2026-03-18,winner,pump,1706668,86479582.2552878,2026-03-18T10:10:00+00:00,0.025556,2026-03-18T09:05:00+00:00,0.029,23.96551724137931,44.264252313202675,13.718891845359208,5.626858663327602,50.47677074135738,829.9999166666668,8.0,3.0,sl,2026-03-18T10:45:30.657000+00:00,0.02632268,-3.000000000000009,35.51095
ENJUSDT,2026-03-18,winner,pump,1706668,86479582.2552878,2026-03-18T10:10:00+00:00,0.025556,2026-03-18T09:05:00+00:00,0.029,23.96551724137931,44.264252313202675,13.718891845359208,5.626858663327602,50.47677074135738,829.9999166666668,8.0,4.0,sl,2026-03-18T11:04:20.796000+00:00,0.02657824,-4.000000000000003,54.346599999999995
ENJUSDT,2026-03-18,winner,pump,1706668,86479582.2552878,2026-03-18T10:10:00+00:00,0.025556,2026-03-18T09:05:00+00:00,0.029,23.96551724137931,44.264252313202675,13.718891845359208,5.626858663327602,50.47677074135738,829.9999166666668,8.0,5.0,sl,2026-03-18T11:12:23.092000+00:00,0.0268338,-5.00000000000001,62.38486666666667
ENJUSDT,2026-03-18,winner,pump,1706668,86479582.2552878,2026-03-18T10:10:00+00:00,0.025556,2026-03-18T09:05:00+00:00,0.029,23.96551724137931,44.264252313202675,13.718891845359208,5.626858663327602,50.47677074135738,829.9999166666668,8.0,7.000000000000001,tp,2026-03-18T15:07:56.540000+00:00,0.02351152,7.999999999999992,297.94233333333335
ENJUSDT,2026-03-18,winner,pump,1706668,86479582.2552878,2026-03-18T10:10:00+00:00,0.025556,2026-03-18T09:05:00+00:00,0.029,23.96551724137931,44.264252313202675,13.718891845359208,5.626858663327602,50.47677074135738,829.9999166666668,10.0,1.0,sl,2026-03-18T10:10:00.031000+00:00,0.02581156,-1.0000000000000075,0.0005166666666666667
ENJUSDT,2026-03-18,winner,pump,1706668,86479582.2552878,2026-03-18T10:10:00+00:00,0.025556,2026-03-18T09:05:00+00:00,0.029,23.96551724137931,44.264252313202675,13.718891845359208,5.626858663327602,50.47677074135738,829.9999166666668,10.0,1.5,sl,2026-03-18T10:10:00.031000+00:00,0.025939339999999995,-1.499999999999984,0.0005166666666666667
ENJUSDT,2026-03-18,winner,pump,1706668,86479582.2552878,2026-03-18T10:10:00+00:00,0.025556,2026-03-18T09:05:00+00:00,0.029,23.96551724137931,44.264252313202675,13.718891845359208,5.626858663327602,50.47677074135738,829.9999166666668,10.0,2.0,sl,2026-03-18T10:10:41.629000+00:00,0.02606712,-2.0000000000000013,0.6938166666666666
ENJUSDT,2026-03-18,winner,pump,1706668,86479582.2552878,2026-03-18T10:10:00+00:00,0.025556,2026-03-18T09:05:00+00:00,0.029,23.96551724137931,44.264252313202675,13.718891845359208,5.626858663327602,50.47677074135738,829.9999166666668,10.0,2.5,sl,2026-03-18T10:42:22.630000+00:00,0.026194899999999997,-2.4999999999999916,32.37716666666667
ENJUSDT,2026-03-18,winner,pump,1706668,86479582.2552878,2026-03-18T10:10:00+00:00,0.025556,2026-03-18T09:05:00+00:00,0.029,23.96551724137931,44.264252313202675,13.718891845359208,5.626858663327602,50.47677074135738,829.9999166666668,10.0,3.0,sl,2026-03-18T10:45:30.657000+00:00,0.02632268,-3.000000000000009,35.51095
ENJUSDT,2026-03-18,winner,pump,1706668,86479582.2552878,2026-03-18T10:10:00+00:00,0.025556,2026-03-18T09:05:00+00:00,0.029,23.96551724137931,44.264252313202675,13.718891845359208,5.626858663327602,50.47677074135738,829.9999166666668,10.0,4.0,sl,2026-03-18T11:04:20.796000+00:00,0.02657824,-4.000000000000003,54.346599999999995
ENJUSDT,2026-03-18,winner,pump,1706668,86479582.2552878,2026-03-18T10:10:00+00:00,0.025556,2026-03-18T09:05:00+00:00,0.029,23.96551724137931,44.264252313202675,13.718891845359208,5.626858663327602,50.47677074135738,829.9999166666668,10.0,5.0,sl,2026-03-18T11:12:23.092000+00:00,0.0268338,-5.00000000000001,62.38486666666667
ENJUSDT,2026-03-18,winner,pump,1706668,86479582.2552878,2026-03-18T10:10:00+00:00,0.025556,2026-03-18T09:05:00+00:00,0.029,23.96551724137931,44.264252313202675,13.718891845359208,5.626858663327602,50.47677074135738,829.9999166666668,10.0,7.000000000000001,tp,2026-03-18T15:16:06.407000+00:00,0.0230004,9.999999999999993,306.10678333333334
ENJUSDT,2026-03-18,winner,pump,1706668,86479582.2552878,2026-03-18T10:10:00+00:00,0.025556,2026-03-18T09:05:00+00:00,0.029,23.96551724137931,44.264252313202675,13.718891845359208,5.626858663327602,50.47677074135738,829.9999166666668,12.0,1.0,sl,2026-03-18T10:10:00.031000+00:00,0.02581156,-1.0000000000000075,0.0005166666666666667
ENJUSDT,2026-03-18,winner,pump,1706668,86479582.2552878,2026-03-18T10:10:00+00:00,0.025556,2026-03-18T09:05:00+00:00,0.029,23.96551724137931,44.264252313202675,13.718891845359208,5.626858663327602,50.47677074135738,829.9999166666668,12.0,1.5,sl,2026-03-18T10:10:00.031000+00:00,0.025939339999999995,-1.499999999999984,0.0005166666666666667
ENJUSDT,2026-03-18,winner,pump,1706668,86479582.2552878,2026-03-18T10:10:00+00:00,0.025556,2026-03-18T09:05:00+00:00,0.029,23.96551724137931,44.264252313202675,13.718891845359208,5.626858663327602,50.47677074135738,829.9999166666668,12.0,2.0,sl,2026-03-18T10:10:41.629000+00:00,0.02606712,-2.0000000000000013,0.6938166666666666
ENJUSDT,2026-03-18,winner,pump,1706668,86479582.2552878,2026-03-18T10:10:00+00:00,0.025556,2026-03-18T09:05:00+00:00,0.029,23.96551724137931,44.264252313202675,13.718891845359208,5.626858663327602,50.47677074135738,829.9999166666668,12.0,2.5,sl,2026-03-18T10:42:22.630000+00:00,0.026194899999999997,-2.4999999999999916,32.37716666666667
ENJUSDT,2026-03-18,winner,pump,1706668,86479582.2552878,2026-03-18T10:10:00+00:00,0.025556,2026-03-18T09:05:00+00:00,0.029,23.96551724137931,44.264252313202675,13.718891845359208,5.626858663327602,50.47677074135738,829.9999166666668,12.0,3.0,sl,2026-03-18T10:45:30.657000+00:00,0.02632268,-3.000000000000009,35.51095
ENJUSDT,2026-03-18,winner,pump,1706668,86479582.2552878,2026-03-18T10:10:00+00:00,0.025556,2026-03-18T09:05:00+00:00,0.029,23.96551724137931,44.264252313202675,13.718891845359208,5.626858663327602,50.47677074135738,829.9999166666668,12.0,4.0,sl,2026-03-18T11:04:20.796000+00:00,0.02657824,-4.000000000000003,54.346599999999995
ENJUSDT,2026-03-18,winner,pump,1706668,86479582.2552878,2026-03-18T10:10:00+00:00,0.025556,2026-03-18T09:05:00+00:00,0.029,23.96551724137931,44.264252313202675,13.718891845359208,5.626858663327602,50.47677074135738,829.9999166666668,12.0,5.0,sl,2026-03-18T11:12:23.092000+00:00,0.0268338,-5.00000000000001,62.38486666666667
ENJUSDT,2026-03-18,winner,pump,1706668,86479582.2552878,2026-03-18T10:10:00+00:00,0.025556,2026-03-18T09:05:00+00:00,0.029,23.96551724137931,44.264252313202675,13.718891845359208,5.626858663327602,50.47677074135738,829.9999166666668,12.0,7.000000000000001,tp,2026-03-18T20:07:49.621000+00:00,0.02248928,11.999999999999995,597.8270166666666
ENJUSDT,2026-03-18,winner,pump,1706668,86479582.2552878,2026-03-18T10:10:00+00:00,0.025556,2026-03-18T09:05:00+00:00,0.029,23.96551724137931,44.264252313202675,13.718891845359208,5.626858663327602,50.47677074135738,829.9999166666668,15.0,1.0,sl,2026-03-18T10:10:00.031000+00:00,0.02581156,-1.0000000000000075,0.0005166666666666667
ENJUSDT,2026-03-18,winner,pump,1706668,86479582.2552878,2026-03-18T10:10:00+00:00,0.025556,2026-03-18T09:05:00+00:00,0.029,23.96551724137931,44.264252313202675,13.718891845359208,5.626858663327602,50.47677074135738,829.9999166666668,15.0,1.5,sl,2026-03-18T10:10:00.031000+00:00,0.025939339999999995,-1.499999999999984,0.0005166666666666667
ENJUSDT,2026-03-18,winner,pump,1706668,86479582.2552878,2026-03-18T10:10:00+00:00,0.025556,2026-03-18T09:05:00+00:00,0.029,23.96551724137931,44.264252313202675,13.718891845359208,5.626858663327602,50.47677074135738,829.9999166666668,15.0,2.0,sl,2026-03-18T10:10:41.629000+00:00,0.02606712,-2.0000000000000013,0.6938166666666666
ENJUSDT,2026-03-18,winner,pump,1706668,86479582.2552878,2026-03-18T10:10:00+00:00,0.025556,2026-03-18T09:05:00+00:00,0.029,23.96551724137931,44.264252313202675,13.718891845359208,5.626858663327602,50.47677074135738,829.9999166666668,15.0,2.5,sl,2026-03-18T10:42:22.630000+00:00,0.026194899999999997,-2.4999999999999916,32.37716666666667
ENJUSDT,2026-03-18,winner,pump,1706668,86479582.2552878,2026-03-18T10:10:00+00:00,0.025556,2026-03-18T09:05:00+00:00,0.029,23.96551724137931,44.264252313202675,13.718891845359208,5.626858663327602,50.47677074135738,829.9999166666668,15.0,3.0,sl,2026-03-18T10:45:30.657000+00:00,0.02632268,-3.000000000000009,35.51095
ENJUSDT,2026-03-18,winner,pump,1706668,86479582.2552878,2026-03-18T10:10:00+00:00,0.025556,2026-03-18T09:05:00+00:00,0.029,23.96551724137931,44.264252313202675,13.718891845359208,5.626858663327602,50.47677074135738,829.9999166666668,15.0,4.0,sl,2026-03-18T11:04:20.796000+00:00,0.02657824,-4.000000000000003,54.346599999999995
ENJUSDT,2026-03-18,winner,pump,1706668,86479582.2552878,2026-03-18T10:10:00+00:00,0.025556,2026-03-18T09:05:00+00:00,0.029,23.96551724137931,44.264252313202675,13.718891845359208,5.626858663327602,50.47677074135738,829.9999166666668,15.0,5.0,sl,2026-03-18T11:12:23.092000+00:00,0.0268338,-5.00000000000001,62.38486666666667
ENJUSDT,2026-03-18,winner,pump,1706668,86479582.2552878,2026-03-18T10:10:00+00:00,0.025556,2026-03-18T09:05:00+00:00,0.029,23.96551724137931,44.264252313202675,13.718891845359208,5.626858663327602,50.47677074135738,829.9999166666668,15.0,7.000000000000001,eod,2026-03-18T23:59:59.995000+00:00,0.023961,6.2411958052903405,829.9999166666668
ENJUSDT,2026-03-18,winner,pump,1706668,86479582.2552878,2026-03-18T10:10:00+00:00,0.025556,2026-03-18T09:05:00+00:00,0.029,23.96551724137931,44.264252313202675,13.718891845359208,5.626858663327602,50.47677074135738,829.9999166666668,20.0,1.0,sl,2026-03-18T10:10:00.031000+00:00,0.02581156,-1.0000000000000075,0.0005166666666666667
ENJUSDT,2026-03-18,winner,pump,1706668,86479582.2552878,2026-03-18T10:10:00+00:00,0.025556,2026-03-18T09:05:00+00:00,0.029,23.96551724137931,44.264252313202675,13.718891845359208,5.626858663327602,50.47677074135738,829.9999166666668,20.0,1.5,sl,2026-03-18T10:10:00.031000+00:00,0.025939339999999995,-1.499999999999984,0.0005166666666666667
ENJUSDT,2026-03-18,winner,pump,1706668,86479582.2552878,2026-03-18T10:10:00+00:00,0.025556,2026-03-18T09:05:00+00:00,0.029,23.96551724137931,44.264252313202675,13.718891845359208,5.626858663327602,50.47677074135738,829.9999166666668,20.0,2.0,sl,2026-03-18T10:10:41.629000+00:00,0.02606712,-2.0000000000000013,0.6938166666666666
ENJUSDT,2026-03-18,winner,pump,1706668,86479582.2552878,2026-03-18T10:10:00+00:00,0.025556,2026-03-18T09:05:00+00:00,0.029,23.96551724137931,44.264252313202675,13.718891845359208,5.626858663327602,50.47677074135738,829.9999166666668,20.0,2.5,sl,2026-03-18T10:42:22.630000+00:00,0.026194899999999997,-2.4999999999999916,32.37716666666667
ENJUSDT,2026-03-18,winner,pump,1706668,86479582.2552878,2026-03-18T10:10:00+00:00,0.025556,2026-03-18T09:05:00+00:00,0.029,23.96551724137931,44.264252313202675,13.718891845359208,5.626858663327602,50.47677074135738,829.9999166666668,20.0,3.0,sl,2026-03-18T10:45:30.657000+00:00,0.02632268,-3.000000000000009,35.51095
ENJUSDT,2026-03-18,winner,pump,1706668,86479582.2552878,2026-03-18T10:10:00+00:00,0.025556,2026-03-18T09:05:00+00:00,0.029,23.96551724137931,44.264252313202675,13.718891845359208,5.626858663327602,50.47677074135738,829.9999166666668,20.0,4.0,sl,2026-03-18T11:04:20.796000+00:00,0.02657824,-4.000000000000003,54.346599999999995
ENJUSDT,2026-03-18,winner,pump,1706668,86479582.2552878,2026-03-18T10:10:00+00:00,0.025556,2026-03-18T09:05:00+00:00,0.029,23.96551724137931,44.264252313202675,13.718891845359208,5.626858663327602,50.47677074135738,829.9999166666668,20.0,5.0,sl,2026-03-18T11:12:23.092000+00:00,0.0268338,-5.00000000000001,62.38486666666667
ENJUSDT,2026-03-18,winner,pump,1706668,86479582.2552878,2026-03-18T10:10:00+00:00,0.025556,2026-03-18T09:05:00+00:00,0.029,23.96551724137931,44.264252313202675,13.718891845359208,5.626858663327602,50.47677074135738,829.9999166666668,20.0,7.000000000000001,eod,2026-03-18T23:59:59.995000+00:00,0.023961,6.2411958052903405,829.9999166666668
JTOUSDT,2026-03-27,winner,weak,85943,6486839.97779,2026-03-27T10:40:00+00:00,0.3152,2026-03-27T10:30:00+00:00,0.3243,6.753006475485657,5.189750243269531,4.06091370558375,0.6979695431472194,53.59653710167055,799.9202666666666,3.0,1.0,tp,2026-03-27T13:36:59.956000+00:00,0.30574399999999996,3.0000000000000067,176.99926666666667
JTOUSDT,2026-03-27,winner,weak,85943,6486839.97779,2026-03-27T10:40:00+00:00,0.3152,2026-03-27T10:30:00+00:00,0.3243,6.753006475485657,5.189750243269531,4.06091370558375,0.6979695431472194,53.59653710167055,799.9202666666666,3.0,1.5,tp,2026-03-27T13:36:59.956000+00:00,0.30574399999999996,3.0000000000000067,176.99926666666667
JTOUSDT,2026-03-27,winner,weak,85943,6486839.97779,2026-03-27T10:40:00+00:00,0.3152,2026-03-27T10:30:00+00:00,0.3243,6.753006475485657,5.189750243269531,4.06091370558375,0.6979695431472194,53.59653710167055,799.9202666666666,3.0,2.0,tp,2026-03-27T13:36:59.956000+00:00,0.30574399999999996,3.0000000000000067,176.99926666666667
JTOUSDT,2026-03-27,winner,weak,85943,6486839.97779,2026-03-27T10:40:00+00:00,0.3152,2026-03-27T10:30:00+00:00,0.3243,6.753006475485657,5.189750243269531,4.06091370558375,0.6979695431472194,53.59653710167055,799.9202666666666,3.0,2.5,tp,2026-03-27T13:36:59.956000+00:00,0.30574399999999996,3.0000000000000067,176.99926666666667
JTOUSDT,2026-03-27,winner,weak,85943,6486839.97779,2026-03-27T10:40:00+00:00,0.3152,2026-03-27T10:30:00+00:00,0.3243,6.753006475485657,5.189750243269531,4.06091370558375,0.6979695431472194,53.59653710167055,799.9202666666666,3.0,3.0,tp,2026-03-27T13:36:59.956000+00:00,0.30574399999999996,3.0000000000000067,176.99926666666667
JTOUSDT,2026-03-27,winner,weak,85943,6486839.97779,2026-03-27T10:40:00+00:00,0.3152,2026-03-27T10:30:00+00:00,0.3243,6.753006475485657,5.189750243269531,4.06091370558375,0.6979695431472194,53.59653710167055,799.9202666666666,3.0,4.0,tp,2026-03-27T13:36:59.956000+00:00,0.30574399999999996,3.0000000000000067,176.99926666666667
JTOUSDT,2026-03-27,winner,weak,85943,6486839.97779,2026-03-27T10:40:00+00:00,0.3152,2026-03-27T10:30:00+00:00,0.3243,6.753006475485657,5.189750243269531,4.06091370558375,0.6979695431472194,53.59653710167055,799.9202666666666,3.0,5.0,tp,2026-03-27T13:36:59.956000+00:00,0.30574399999999996,3.0000000000000067,176.99926666666667
JTOUSDT,2026-03-27,winner,weak,85943,6486839.97779,2026-03-27T10:40:00+00:00,0.3152,2026-03-27T10:30:00+00:00,0.3243,6.753006475485657,5.189750243269531,4.06091370558375,0.6979695431472194,53.59653710167055,799.9202666666666,3.0,7.000000000000001,tp,2026-03-27T13:36:59.956000+00:00,0.30574399999999996,3.0000000000000067,176.99926666666667
JTOUSDT,2026-03-27,winner,weak,85943,6486839.97779,2026-03-27T10:40:00+00:00,0.3152,2026-03-27T10:30:00+00:00,0.3243,6.753006475485657,5.189750243269531,4.06091370558375,0.6979695431472194,53.59653710167055,799.9202666666666,4.0,1.0,tp,2026-03-27T17:48:15.078000+00:00,0.30259199999999997,4.000000000000003,428.2513
JTOUSDT,2026-03-27,winner,weak,85943,6486839.97779,2026-03-27T10:40:00+00:00,0.3152,2026-03-27T10:30:00+00:00,0.3243,6.753006475485657,5.189750243269531,4.06091370558375,0.6979695431472194,53.59653710167055,799.9202666666666,4.0,1.5,tp,2026-03-27T17:48:15.078000+00:00,0.30259199999999997,4.000000000000003,428.2513
JTOUSDT,2026-03-27,winner,weak,85943,6486839.97779,2026-03-27T10:40:00+00:00,0.3152,2026-03-27T10:30:00+00:00,0.3243,6.753006475485657,5.189750243269531,4.06091370558375,0.6979695431472194,53.59653710167055,799.9202666666666,4.0,2.0,tp,2026-03-27T17:48:15.078000+00:00,0.30259199999999997,4.000000000000003,428.2513
JTOUSDT,2026-03-27,winner,weak,85943,6486839.97779,2026-03-27T10:40:00+00:00,0.3152,2026-03-27T10:30:00+00:00,0.3243,6.753006475485657,5.189750243269531,4.06091370558375,0.6979695431472194,53.59653710167055,799.9202666666666,4.0,2.5,tp,2026-03-27T17:48:15.078000+00:00,0.30259199999999997,4.000000000000003,428.2513
JTOUSDT,2026-03-27,winner,weak,85943,6486839.97779,2026-03-27T10:40:00+00:00,0.3152,2026-03-27T10:30:00+00:00,0.3243,6.753006475485657,5.189750243269531,4.06091370558375,0.6979695431472194,53.59653710167055,799.9202666666666,4.0,3.0,tp,2026-03-27T17:48:15.078000+00:00,0.30259199999999997,4.000000000000003,428.2513
JTOUSDT,2026-03-27,winner,weak,85943,6486839.97779,2026-03-27T10:40:00+00:00,0.3152,2026-03-27T10:30:00+00:00,0.3243,6.753006475485657,5.189750243269531,4.06091370558375,0.6979695431472194,53.59653710167055,799.9202666666666,4.0,4.0,tp,2026-03-27T17:48:15.078000+00:00,0.30259199999999997,4.000000000000003,428.2513
JTOUSDT,2026-03-27,winner,weak,85943,6486839.97779,2026-03-27T10:40:00+00:00,0.3152,2026-03-27T10:30:00+00:00,0.3243,6.753006475485657,5.189750243269531,4.06091370558375,0.6979695431472194,53.59653710167055,799.9202666666666,4.0,5.0,tp,2026-03-27T17:48:15.078000+00:00,0.30259199999999997,4.000000000000003,428.2513
JTOUSDT,2026-03-27,winner,weak,85943,6486839.97779,2026-03-27T10:40:00+00:00,0.3152,2026-03-27T10:30:00+00:00,0.3243,6.753006475485657,5.189750243269531,4.06091370558375,0.6979695431472194,53.59653710167055,799.9202666666666,4.0,7.000000000000001,tp,2026-03-27T17:48:15.078000+00:00,0.30259199999999997,4.000000000000003,428.2513
JTOUSDT,2026-03-27,winner,weak,85943,6486839.97779,2026-03-27T10:40:00+00:00,0.3152,2026-03-27T10:30:00+00:00,0.3243,6.753006475485657,5.189750243269531,4.06091370558375,0.6979695431472194,53.59653710167055,799.9202666666666,5.0,1.0,eod,2026-03-27T23:59:55.216000+00:00,0.3062,2.8553299492385635,799.9202666666666
JTOUSDT,2026-03-27,winner,weak,85943,6486839.97779,2026-03-27T10:40:00+00:00,0.3152,2026-03-27T10:30:00+00:00,0.3243,6.753006475485657,5.189750243269531,4.06091370558375,0.6979695431472194,53.59653710167055,799.9202666666666,5.0,1.5,eod,2026-03-27T23:59:55.216000+00:00,0.3062,2.8553299492385635,799.9202666666666
JTOUSDT,2026-03-27,winner,weak,85943,6486839.97779,2026-03-27T10:40:00+00:00,0.3152,2026-03-27T10:30:00+00:00,0.3243,6.753006475485657,5.189750243269531,4.06091370558375,0.6979695431472194,53.59653710167055,799.9202666666666,5.0,2.0,eod,2026-03-27T23:59:55.216000+00:00,0.3062,2.8553299492385635,799.9202666666666
JTOUSDT,2026-03-27,winner,weak,85943,6486839.97779,2026-03-27T10:40:00+00:00,0.3152,2026-03-27T10:30:00+00:00,0.3243,6.753006475485657,5.189750243269531,4.06091370558375,0.6979695431472194,53.59653710167055,799.9202666666666,5.0,2.5,eod,2026-03-27T23:59:55.216000+00:00,0.3062,2.8553299492385635,799.9202666666666
JTOUSDT,2026-03-27,winner,weak,85943,6486839.97779,2026-03-27T10:40:00+00:00,0.3152,2026-03-27T10:30:00+00:00,0.3243,6.753006475485657,5.189750243269531,4.06091370558375,0.6979695431472194,53.59653710167055,799.9202666666666,5.0,3.0,eod,2026-03-27T23:59:55.216000+00:00,0.3062,2.8553299492385635,799.9202666666666
JTOUSDT,2026-03-27,winner,weak,85943,6486839.97779,2026-03-27T10:40:00+00:00,0.3152,2026-03-27T10:30:00+00:00,0.3243,6.753006475485657,5.189750243269531,4.06091370558375,0.6979695431472194,53.59653710167055,799.9202666666666,5.0,4.0,eod,2026-03-27T23:59:55.216000+00:00,0.3062,2.8553299492385635,799.9202666666666
JTOUSDT,2026-03-27,winner,weak,85943,6486839.97779,2026-03-27T10:40:00+00:00,0.3152,2026-03-27T10:30:00+00:00,0.3243,6.753006475485657,5.189750243269531,4.06091370558375,0.6979695431472194,53.59653710167055,799.9202666666666,5.0,5.0,eod,2026-03-27T23:59:55.216000+00:00,0.3062,2.8553299492385635,799.9202666666666
JTOUSDT,2026-03-27,winner,weak,85943,6486839.97779,2026-03-27T10:40:00+00:00,0.3152,2026-03-27T10:30:00+00:00,0.3243,6.753006475485657,5.189750243269531,4.06091370558375,0.6979695431472194,53.59653710167055,799.9202666666666,5.0,7.000000000000001,eod,2026-03-27T23:59:55.216000+00:00,0.3062,2.8553299492385635,799.9202666666666
JTOUSDT,2026-03-27,winner,weak,85943,6486839.97779,2026-03-27T10:40:00+00:00,0.3152,2026-03-27T10:30:00+00:00,0.3243,6.753006475485657,5.189750243269531,4.06091370558375,0.6979695431472194,53.59653710167055,799.9202666666666,6.0,1.0,eod,2026-03-27T23:59:55.216000+00:00,0.3062,2.8553299492385635,799.9202666666666
JTOUSDT,2026-03-27,winner,weak,85943,6486839.97779,2026-03-27T10:40:00+00:00,0.3152,2026-03-27T10:30:00+00:00,0.3243,6.753006475485657,5.189750243269531,4.06091370558375,0.6979695431472194,53.59653710167055,799.9202666666666,6.0,1.5,eod,2026-03-27T23:59:55.216000+00:00,0.3062,2.8553299492385635,799.9202666666666
JTOUSDT,2026-03-27,winner,weak,85943,6486839.97779,2026-03-27T10:40:00+00:00,0.3152,2026-03-27T10:30:00+00:00,0.3243,6.753006475485657,5.189750243269531,4.06091370558375,0.6979695431472194,53.59653710167055,799.9202666666666,6.0,2.0,eod,2026-03-27T23:59:55.216000+00:00,0.3062,2.8553299492385635,799.9202666666666
JTOUSDT,2026-03-27,winner,weak,85943,6486839.97779,2026-03-27T10:40:00+00:00,0.3152,2026-03-27T10:30:00+00:00,0.3243,6.753006475485657,5.189750243269531,4.06091370558375,0.6979695431472194,53.59653710167055,799.9202666666666,6.0,2.5,eod,2026-03-27T23:59:55.216000+00:00,0.3062,2.8553299492385635,799.9202666666666
JTOUSDT,2026-03-27,winner,weak,85943,6486839.97779,2026-03-27T10:40:00+00:00,0.3152,2026-03-27T10:30:00+00:00,0.3243,6.753006475485657,5.189750243269531,4.06091370558375,0.6979695431472194,53.59653710167055,799.9202666666666,6.0,3.0,eod,2026-03-27T23:59:55.216000+00:00,0.3062,2.8553299492385635,799.9202666666666
JTOUSDT,2026-03-27,winner,weak,85943,6486839.97779,2026-03-27T10:40:00+00:00,0.3152,2026-03-27T10:30:00+00:00,0.3243,6.753006475485657,5.189750243269531,4.06091370558375,0.6979695431472194,53.59653710167055,799.9202666666666,6.0,4.0,eod,2026-03-27T23:59:55.216000+00:00,0.3062,2.8553299492385635,799.9202666666666
JTOUSDT,2026-03-27,winner,weak,85943,6486839.97779,2026-03-27T10:40:00+00:00,0.3152,2026-03-27T10:30:00+00:00,0.3243,6.753006475485657,5.189750243269531,4.06091370558375,0.6979695431472194,53.59653710167055,799.9202666666666,6.0,5.0,eod,2026-03-27T23:59:55.216000+00:00,0.3062,2.8553299492385635,799.9202666666666
JTOUSDT,2026-03-27,winner,weak,85943,6486839.97779,2026-03-27T10:40:00+00:00,0.3152,2026-03-27T10:30:00+00:00,0.3243,6.753006475485657,5.189750243269531,4.06091370558375,0.6979695431472194,53.59653710167055,799.9202666666666,6.0,7.000000000000001,eod,2026-03-27T23:59:55.216000+00:00,0.3062,2.8553299492385635,799.9202666666666
JTOUSDT,2026-03-27,winner,weak,85943,6486839.97779,2026-03-27T10:40:00+00:00,0.3152,2026-03-27T10:30:00+00:00,0.3243,6.753006475485657,5.189750243269531,4.06091370558375,0.6979695431472194,53.59653710167055,799.9202666666666,7.000000000000001,1.0,eod,2026-03-27T23:59:55.216000+00:00,0.3062,2.8553299492385635,799.9202666666666
JTOUSDT,2026-03-27,winner,weak,85943,6486839.97779,2026-03-27T10:40:00+00:00,0.3152,2026-03-27T10:30:00+00:00,0.3243,6.753006475485657,5.189750243269531,4.06091370558375,0.6979695431472194,53.59653710167055,799.9202666666666,7.000000000000001,1.5,eod,2026-03-27T23:59:55.216000+00:00,0.3062,2.8553299492385635,799.9202666666666
JTOUSDT,2026-03-27,winner,weak,85943,6486839.97779,2026-03-27T10:40:00+00:00,0.3152,2026-03-27T10:30:00+00:00,0.3243,6.753006475485657,5.189750243269531,4.06091370558375,0.6979695431472194,53.59653710167055,799.9202666666666,7.000000000000001,2.0,eod,2026-03-27T23:59:55.216000+00:00,0.3062,2.8553299492385635,799.9202666666666
JTOUSDT,2026-03-27,winner,weak,85943,6486839.97779,2026-03-27T10:40:00+00:00,0.3152,2026-03-27T10:30:00+00:00,0.3243,6.753006475485657,5.189750243269531,4.06091370558375,0.6979695431472194,53.59653710167055,799.9202666666666,7.000000000000001,2.5,eod,2026-03-27T23:59:55.216000+00:00,0.3062,2.8553299492385635,799.9202666666666
JTOUSDT,2026-03-27,winner,weak,85943,6486839.97779,2026-03-27T10:40:00+00:00,0.3152,2026-03-27T10:30:00+00:00,0.3243,6.753006475485657,5.189750243269531,4.06091370558375,0.6979695431472194,53.59653710167055,799.9202666666666,7.000000000000001,3.0,eod,2026-03-27T23:59:55.216000+00:00,0.3062,2.8553299492385635,799.9202666666666
JTOUSDT,2026-03-27,winner,weak,85943,6486839.97779,2026-03-27T10:40:00+00:00,0.3152,2026-03-27T10:30:00+00:00,0.3243,6.753006475485657,5.189750243269531,4.06091370558375,0.6979695431472194,53.59653710167055,799.9202666666666,7.000000000000001,4.0,eod,2026-03-27T23:59:55.216000+00:00,0.3062,2.8553299492385635,799.9202666666666
JTOUSDT,2026-03-27,winner,weak,85943,6486839.97779,2026-03-27T10:40:00+00:00,0.3152,2026-03-27T10:30:00+00:00,0.3243,6.753006475485657,5.189750243269531,4.06091370558375,0.6979695431472194,53.59653710167055,799.9202666666666,7.000000000000001,5.0,eod,2026-03-27T23:59:55.216000+00:00,0.3062,2.8553299492385635,799.9202666666666
JTOUSDT,2026-03-27,winner,weak,85943,6486839.97779,2026-03-27T10:40:00+00:00,0.3152,2026-03-27T10:30:00+00:00,0.3243,6.753006475485657,5.189750243269531,4.06091370558375,0.6979695431472194,53.59653710167055,799.9202666666666,7.000000000000001,7.000000000000001,eod,2026-03-27T23:59:55.216000+00:00,0.3062,2.8553299492385635,799.9202666666666
JTOUSDT,2026-03-27,winner,weak,85943,6486839.97779,2026-03-27T10:40:00+00:00,0.3152,2026-03-27T10:30:00+00:00,0.3243,6.753006475485657,5.189750243269531,4.06091370558375,0.6979695431472194,53.59653710167055,799.9202666666666,8.0,1.0,eod,2026-03-27T23:59:55.216000+00:00,0.3062,2.8553299492385635,799.9202666666666
JTOUSDT,2026-03-27,winner,weak,85943,6486839.97779,2026-03-27T10:40:00+00:00,0.3152,2026-03-27T10:30:00+00:00,0.3243,6.753006475485657,5.189750243269531,4.06091370558375,0.6979695431472194,53.59653710167055,799.9202666666666,8.0,1.5,eod,2026-03-27T23:59:55.216000+00:00,0.3062,2.8553299492385635,799.9202666666666
JTOUSDT,2026-03-27,winner,weak,85943,6486839.97779,2026-03-27T10:40:00+00:00,0.3152,2026-03-27T10:30:00+00:00,0.3243,6.753006475485657,5.189750243269531,4.06091370558375,0.6979695431472194,53.59653710167055,799.9202666666666,8.0,2.0,eod,2026-03-27T23:59:55.216000+00:00,0.3062,2.8553299492385635,799.9202666666666
JTOUSDT,2026-03-27,winner,weak,85943,6486839.97779,2026-03-27T10:40:00+00:00,0.3152,2026-03-27T10:30:00+00:00,0.3243,6.753006475485657,5.189750243269531,4.06091370558375,0.6979695431472194,53.59653710167055,799.9202666666666,8.0,2.5,eod,2026-03-27T23:59:55.216000+00:00,0.3062,2.8553299492385635,799.9202666666666
JTOUSDT,2026-03-27,winner,weak,85943,6486839.97779,2026-03-27T10:40:00+00:00,0.3152,2026-03-27T10:30:00+00:00,0.3243,6.753006475485657,5.189750243269531,4.06091370558375,0.6979695431472194,53.59653710167055,799.9202666666666,8.0,3.0,eod,2026-03-27T23:59:55.216000+00:00,0.3062,2.8553299492385635,799.9202666666666
JTOUSDT,2026-03-27,winner,weak,85943,6486839.97779,2026-03-27T10:40:00+00:00,0.3152,2026-03-27T10:30:00+00:00,0.3243,6.753006475485657,5.189750243269531,4.06091370558375,0.6979695431472194,53.59653710167055,799.9202666666666,8.0,4.0,eod,2026-03-27T23:59:55.216000+00:00,0.3062,2.8553299492385635,799.9202666666666
JTOUSDT,2026-03-27,winner,weak,85943,6486839.97779,2026-03-27T10:40:00+00:00,0.3152,2026-03-27T10:30:00+00:00,0.3243,6.753006475485657,5.189750243269531,4.06091370558375,0.6979695431472194,53.59653710167055,799.9202666666666,8.0,5.0,eod,2026-03-27T23:59:55.216000+00:00,0.3062,2.8553299492385635,799.9202666666666
JTOUSDT,2026-03-27,winner,weak,85943,6486839.97779,2026-03-27T10:40:00+00:00,0.3152,2026-03-27T10:30:00+00:00,0.3243,6.753006475485657,5.189750243269531,4.06091370558375,0.6979695431472194,53.59653710167055,799.9202666666666,8.0,7.000000000000001,eod,2026-03-27T23:59:55.216000+00:00,0.3062,2.8553299492385635,799.9202666666666
JTOUSDT,2026-03-27,winner,weak,85943,6486839.97779,2026-03-27T10:40:00+00:00,0.3152,2026-03-27T10:30:00+00:00,0.3243,6.753006475485657,5.189750243269531,4.06091370558375,0.6979695431472194,53.59653710167055,799.9202666666666,10.0,1.0,eod,2026-03-27T23:59:55.216000+00:00,0.3062,2.8553299492385635,799.9202666666666
JTOUSDT,2026-03-27,winner,weak,85943,6486839.97779,2026-03-27T10:40:00+00:00,0.3152,2026-03-27T10:30:00+00:00,0.3243,6.753006475485657,5.189750243269531,4.06091370558375,0.6979695431472194,53.59653710167055,799.9202666666666,10.0,1.5,eod,2026-03-27T23:59:55.216000+00:00,0.3062,2.8553299492385635,799.9202666666666
JTOUSDT,2026-03-27,winner,weak,85943,6486839.97779,2026-03-27T10:40:00+00:00,0.3152,2026-03-27T10:30:00+00:00,0.3243,6.753006475485657,5.189750243269531,4.06091370558375,0.6979695431472194,53.59653710167055,799.9202666666666,10.0,2.0,eod,2026-03-27T23:59:55.216000+00:00,0.3062,2.8553299492385635,799.9202666666666
JTOUSDT,2026-03-27,winner,weak,85943,6486839.97779,2026-03-27T10:40:00+00:00,0.3152,2026-03-27T10:30:00+00:00,0.3243,6.753006475485657,5.189750243269531,4.06091370558375,0.6979695431472194,53.59653710167055,799.9202666666666,10.0,2.5,eod,2026-03-27T23:59:55.216000+00:00,0.3062,2.8553299492385635,799.9202666666666
JTOUSDT,2026-03-27,winner,weak,85943,6486839.97779,2026-03-27T10:40:00+00:00,0.3152,2026-03-27T10:30:00+00:00,0.3243,6.753006475485657,5.189750243269531,4.06091370558375,0.6979695431472194,53.59653710167055,799.9202666666666,10.0,3.0,eod,2026-03-27T23:59:55.216000+00:00,0.3062,2.8553299492385635,799.9202666666666
JTOUSDT,2026-03-27,winner,weak,85943,6486839.97779,2026-03-27T10:40:00+00:00,0.3152,2026-03-27T10:30:00+00:00,0.3243,6.753006475485657,5.189750243269531,4.06091370558375,0.6979695431472194,53.59653710167055,799.9202666666666,10.0,4.0,eod,2026-03-27T23:59:55.216000+00:00,0.3062,2.8553299492385635,799.9202666666666
JTOUSDT,2026-03-27,winner,weak,85943,6486839.97779,2026-03-27T10:40:00+00:00,0.3152,2026-03-27T10:30:00+00:00,0.3243,6.753006475485657,5.189750243269531,4.06091370558375,0.6979695431472194,53.59653710167055,799.9202666666666,10.0,5.0,eod,2026-03-27T23:59:55.216000+00:00,0.3062,2.8553299492385635,799.9202666666666
JTOUSDT,2026-03-27,winner,weak,85943,6486839.97779,2026-03-27T10:40:00+00:00,0.3152,2026-03-27T10:30:00+00:00,0.3243,6.753006475485657,5.189750243269531,4.06091370558375,0.6979695431472194,53.59653710167055,799.9202666666666,10.0,7.000000000000001,eod,2026-03-27T23:59:55.216000+00:00,0.3062,2.8553299492385635,799.9202666666666
JTOUSDT,2026-03-27,winner,weak,85943,6486839.97779,2026-03-27T10:40:00+00:00,0.3152,2026-03-27T10:30:00+00:00,0.3243,6.753006475485657,5.189750243269531,4.06091370558375,0.6979695431472194,53.59653710167055,799.9202666666666,12.0,1.0,eod,2026-03-27T23:59:55.216000+00:00,0.3062,2.8553299492385635,799.9202666666666
JTOUSDT,2026-03-27,winner,weak,85943,6486839.97779,2026-03-27T10:40:00+00:00,0.3152,2026-03-27T10:30:00+00:00,0.3243,6.753006475485657,5.189750243269531,4.06091370558375,0.6979695431472194,53.59653710167055,799.9202666666666,12.0,1.5,eod,2026-03-27T23:59:55.216000+00:00,0.3062,2.8553299492385635,799.9202666666666
JTOUSDT,2026-03-27,winner,weak,85943,6486839.97779,2026-03-27T10:40:00+00:00,0.3152,2026-03-27T10:30:00+00:00,0.3243,6.753006475485657,5.189750243269531,4.06091370558375,0.6979695431472194,53.59653710167055,799.9202666666666,12.0,2.0,eod,2026-03-27T23:59:55.216000+00:00,0.3062,2.8553299492385635,799.9202666666666
JTOUSDT,2026-03-27,winner,weak,85943,6486839.97779,2026-03-27T10:40:00+00:00,0.3152,2026-03-27T10:30:00+00:00,0.3243,6.753006475485657,5.189750243269531,4.06091370558375,0.6979695431472194,53.59653710167055,799.9202666666666,12.0,2.5,eod,2026-03-27T23:59:55.216000+00:00,0.3062,2.8553299492385635,799.9202666666666
JTOUSDT,2026-03-27,winner,weak,85943,6486839.97779,2026-03-27T10:40:00+00:00,0.3152,2026-03-27T10:30:00+00:00,0.3243,6.753006475485657,5.189750243269531,4.06091370558375,0.6979695431472194,53.59653710167055,799.9202666666666,12.0,3.0,eod,2026-03-27T23:59:55.216000+00:00,0.3062,2.8553299492385635,799.9202666666666
JTOUSDT,2026-03-27,winner,weak,85943,6486839.97779,2026-03-27T10:40:00+00:00,0.3152,2026-03-27T10:30:00+00:00,0.3243,6.753006475485657,5.189750243269531,4.06091370558375,0.6979695431472194,53.59653710167055,799.9202666666666,12.0,4.0,eod,2026-03-27T23:59:55.216000+00:00,0.3062,2.8553299492385635,799.9202666666666
JTOUSDT,2026-03-27,winner,weak,85943,6486839.97779,2026-03-27T10:40:00+00:00,0.3152,2026-03-27T10:30:00+00:00,0.3243,6.753006475485657,5.189750243269531,4.06091370558375,0.6979695431472194,53.59653710167055,799.9202666666666,12.0,5.0,eod,2026-03-27T23:59:55.216000+00:00,0.3062,2.8553299492385635,799.9202666666666
JTOUSDT,2026-03-27,winner,weak,85943,6486839.97779,2026-03-27T10:40:00+00:00,0.3152,2026-03-27T10:30:00+00:00,0.3243,6.753006475485657,5.189750243269531,4.06091370558375,0.6979695431472194,53.59653710167055,799.9202666666666,12.0,7.000000000000001,eod,2026-03-27T23:59:55.216000+00:00,0.3062,2.8553299492385635,799.9202666666666
JTOUSDT,2026-03-27,winner,weak,85943,6486839.97779,2026-03-27T10:40:00+00:00,0.3152,2026-03-27T10:30:00+00:00,0.3243,6.753006475485657,5.189750243269531,4.06091370558375,0.6979695431472194,53.59653710167055,799.9202666666666,15.0,1.0,eod,2026-03-27T23:59:55.216000+00:00,0.3062,2.8553299492385635,799.9202666666666
JTOUSDT,2026-03-27,winner,weak,85943,6486839.97779,2026-03-27T10:40:00+00:00,0.3152,2026-03-27T10:30:00+00:00,0.3243,6.753006475485657,5.189750243269531,4.06091370558375,0.6979695431472194,53.59653710167055,799.9202666666666,15.0,1.5,eod,2026-03-27T23:59:55.216000+00:00,0.3062,2.8553299492385635,799.9202666666666
JTOUSDT,2026-03-27,winner,weak,85943,6486839.97779,2026-03-27T10:40:00+00:00,0.3152,2026-03-27T10:30:00+00:00,0.3243,6.753006475485657,5.189750243269531,4.06091370558375,0.6979695431472194,53.59653710167055,799.9202666666666,15.0,2.0,eod,2026-03-27T23:59:55.216000+00:00,0.3062,2.8553299492385635,799.9202666666666
JTOUSDT,2026-03-27,winner,weak,85943,6486839.97779,2026-03-27T10:40:00+00:00,0.3152,2026-03-27T10:30:00+00:00,0.3243,6.753006475485657,5.189750243269531,4.06091370558375,0.6979695431472194,53.59653710167055,799.9202666666666,15.0,2.5,eod,2026-03-27T23:59:55.216000+00:00,0.3062,2.8553299492385635,799.9202666666666
JTOUSDT,2026-03-27,winner,weak,85943,6486839.97779,2026-03-27T10:40:00+00:00,0.3152,2026-03-27T10:30:00+00:00,0.3243,6.753006475485657,5.189750243269531,4.06091370558375,0.6979695431472194,53.59653710167055,799.9202666666666,15.0,3.0,eod,2026-03-27T23:59:55.216000+00:00,0.3062,2.8553299492385635,799.9202666666666
JTOUSDT,2026-03-27,winner,weak,85943,6486839.97779,2026-03-27T10:40:00+00:00,0.3152,2026-03-27T10:30:00+00:00,0.3243,6.753006475485657,5.189750243269531,4.06091370558375,0.6979695431472194,53.59653710167055,799.9202666666666,15.0,4.0,eod,2026-03-27T23:59:55.216000+00:00,0.3062,2.8553299492385635,799.9202666666666
JTOUSDT,2026-03-27,winner,weak,85943,6486839.97779,2026-03-27T10:40:00+00:00,0.3152,2026-03-27T10:30:00+00:00,0.3243,6.753006475485657,5.189750243269531,4.06091370558375,0.6979695431472194,53.59653710167055,799.9202666666666,15.0,5.0,eod,2026-03-27T23:59:55.216000+00:00,0.3062,2.8553299492385635,799.9202666666666
JTOUSDT,2026-03-27,winner,weak,85943,6486839.97779,2026-03-27T10:40:00+00:00,0.3152,2026-03-27T10:30:00+00:00,0.3243,6.753006475485657,5.189750243269531,4.06091370558375,0.6979695431472194,53.59653710167055,799.9202666666666,15.0,7.000000000000001,eod,2026-03-27T23:59:55.216000+00:00,0.3062,2.8553299492385635,799.9202666666666
JTOUSDT,2026-03-27,winner,weak,85943,6486839.97779,2026-03-27T10:40:00+00:00,0.3152,2026-03-27T10:30:00+00:00,0.3243,6.753006475485657,5.189750243269531,4.06091370558375,0.6979695431472194,53.59653710167055,799.9202666666666,20.0,1.0,eod,2026-03-27T23:59:55.216000+00:00,0.3062,2.8553299492385635,799.9202666666666
JTOUSDT,2026-03-27,winner,weak,85943,6486839.97779,2026-03-27T10:40:00+00:00,0.3152,2026-03-27T10:30:00+00:00,0.3243,6.753006475485657,5.189750243269531,4.06091370558375,0.6979695431472194,53.59653710167055,799.9202666666666,20.0,1.5,eod,2026-03-27T23:59:55.216000+00:00,0.3062,2.8553299492385635,799.9202666666666
JTOUSDT,2026-03-27,winner,weak,85943,6486839.97779,2026-03-27T10:40:00+00:00,0.3152,2026-03-27T10:30:00+00:00,0.3243,6.753006475485657,5.189750243269531,4.06091370558375,0.6979695431472194,53.59653710167055,799.9202666666666,20.0,2.0,eod,2026-03-27T23:59:55.216000+00:00,0.3062,2.8553299492385635,799.9202666666666
JTOUSDT,2026-03-27,winner,weak,85943,6486839.97779,2026-03-27T10:40:00+00:00,0.3152,2026-03-27T10:30:00+00:00,0.3243,6.753006475485657,5.189750243269531,4.06091370558375,0.6979695431472194,53.59653710167055,799.9202666666666,20.0,2.5,eod,2026-03-27T23:59:55.216000+00:00,0.3062,2.8553299492385635,799.9202666666666
JTOUSDT,2026-03-27,winner,weak,85943,6486839.97779,2026-03-27T10:40:00+00:00,0.3152,2026-03-27T10:30:00+00:00,0.3243,6.753006475485657,5.189750243269531,4.06091370558375,0.6979695431472194,53.59653710167055,799.9202666666666,20.0,3.0,eod,2026-03-27T23:59:55.216000+00:00,0.3062,2.8553299492385635,799.9202666666666
JTOUSDT,2026-03-27,winner,weak,85943,6486839.97779,2026-03-27T10:40:00+00:00,0.3152,2026-03-27T10:30:00+00:00,0.3243,6.753006475485657,5.189750243269531,4.06091370558375,0.6979695431472194,53.59653710167055,799.9202666666666,20.0,4.0,eod,2026-03-27T23:59:55.216000+00:00,0.3062,2.8553299492385635,799.9202666666666
JTOUSDT,2026-03-27,winner,weak,85943,6486839.97779,2026-03-27T10:40:00+00:00,0.3152,2026-03-27T10:30:00+00:00,0.3243,6.753006475485657,5.189750243269531,4.06091370558375,0.6979695431472194,53.59653710167055,799.9202666666666,20.0,5.0,eod,2026-03-27T23:59:55.216000+00:00,0.3062,2.8553299492385635,799.9202666666666
JTOUSDT,2026-03-27,winner,weak,85943,6486839.97779,2026-03-27T10:40:00+00:00,0.3152,2026-03-27T10:30:00+00:00,0.3243,6.753006475485657,5.189750243269531,4.06091370558375,0.6979695431472194,53.59653710167055,799.9202666666666,20.0,7.000000000000001,eod,2026-03-27T23:59:55.216000+00:00,0.3062,2.8553299492385635,799.9202666666666
STGUSDT,2026-03-27,winner,pump,893253,55926612.61236,2026-03-27T14:30:00+00:00,0.26138,2026-03-27T10:25:00+00:00,0.29769,20.386979744029034,34.09459459459461,9.327416022649022,1.2548779554671379,50.2194029258621,569.8563166666667,3.0,1.0,sl,2026-03-27T15:14:44.276000+00:00,0.2639938,-0.9999999999999999,44.73793333333333
STGUSDT,2026-03-27,winner,pump,893253,55926612.61236,2026-03-27T14:30:00+00:00,0.26138,2026-03-27T10:25:00+00:00,0.29769,20.386979744029034,34.09459459459461,9.327416022649022,1.2548779554671379,50.2194029258621,569.8563166666667,3.0,1.5,tp,2026-03-27T16:07:02.302000+00:00,0.2535386,2.999999999999999,97.03836666666666
STGUSDT,2026-03-27,winner,pump,893253,55926612.61236,2026-03-27T14:30:00+00:00,0.26138,2026-03-27T10:25:00+00:00,0.29769,20.386979744029034,34.09459459459461,9.327416022649022,1.2548779554671379,50.2194029258621,569.8563166666667,3.0,2.0,tp,2026-03-27T16:07:02.302000+00:00,0.2535386,2.999999999999999,97.03836666666666
STGUSDT,2026-03-27,winner,pump,893253,55926612.61236,2026-03-27T14:30:00+00:00,0.26138,2026-03-27T10:25:00+00:00,0.29769,20.386979744029034,34.09459459459461,9.327416022649022,1.2548779554671379,50.2194029258621,569.8563166666667,3.0,2.5,tp,2026-03-27T16:07:02.302000+00:00,0.2535386,2.999999999999999,97.03836666666666
STGUSDT,2026-03-27,winner,pump,893253,55926612.61236,2026-03-27T14:30:00+00:00,0.26138,2026-03-27T10:25:00+00:00,0.29769,20.386979744029034,34.09459459459461,9.327416022649022,1.2548779554671379,50.2194029258621,569.8563166666667,3.0,3.0,tp,2026-03-27T16:07:02.302000+00:00,0.2535386,2.999999999999999,97.03836666666666
STGUSDT,2026-03-27,winner,pump,893253,55926612.61236,2026-03-27T14:30:00+00:00,0.26138,2026-03-27T10:25:00+00:00,0.29769,20.386979744029034,34.09459459459461,9.327416022649022,1.2548779554671379,50.2194029258621,569.8563166666667,3.0,4.0,tp,2026-03-27T16:07:02.302000+00:00,0.2535386,2.999999999999999,97.03836666666666
STGUSDT,2026-03-27,winner,pump,893253,55926612.61236,2026-03-27T14:30:00+00:00,0.26138,2026-03-27T10:25:00+00:00,0.29769,20.386979744029034,34.09459459459461,9.327416022649022,1.2548779554671379,50.2194029258621,569.8563166666667,3.0,5.0,tp,2026-03-27T16:07:02.302000+00:00,0.2535386,2.999999999999999,97.03836666666666
STGUSDT,2026-03-27,winner,pump,893253,55926612.61236,2026-03-27T14:30:00+00:00,0.26138,2026-03-27T10:25:00+00:00,0.29769,20.386979744029034,34.09459459459461,9.327416022649022,1.2548779554671379,50.2194029258621,569.8563166666667,3.0,7.000000000000001,tp,2026-03-27T16:07:02.302000+00:00,0.2535386,2.999999999999999,97.03836666666666
STGUSDT,2026-03-27,winner,pump,893253,55926612.61236,2026-03-27T14:30:00+00:00,0.26138,2026-03-27T10:25:00+00:00,0.29769,20.386979744029034,34.09459459459461,9.327416022649022,1.2548779554671379,50.2194029258621,569.8563166666667,4.0,1.0,sl,2026-03-27T15:14:44.276000+00:00,0.2639938,-0.9999999999999999,44.73793333333333
STGUSDT,2026-03-27,winner,pump,893253,55926612.61236,2026-03-27T14:30:00+00:00,0.26138,2026-03-27T10:25:00+00:00,0.29769,20.386979744029034,34.09459459459461,9.327416022649022,1.2548779554671379,50.2194029258621,569.8563166666667,4.0,1.5,tp,2026-03-27T17:31:22.099000+00:00,0.2509248,3.9999999999999996,181.36831666666666
STGUSDT,2026-03-27,winner,pump,893253,55926612.61236,2026-03-27T14:30:00+00:00,0.26138,2026-03-27T10:25:00+00:00,0.29769,20.386979744029034,34.09459459459461,9.327416022649022,1.2548779554671379,50.2194029258621,569.8563166666667,4.0,2.0,tp,2026-03-27T17:31:22.099000+00:00,0.2509248,3.9999999999999996,181.36831666666666
STGUSDT,2026-03-27,winner,pump,893253,55926612.61236,2026-03-27T14:30:00+00:00,0.26138,2026-03-27T10:25:00+00:00,0.29769,20.386979744029034,34.09459459459461,9.327416022649022,1.2548779554671379,50.2194029258621,569.8563166666667,4.0,2.5,tp,2026-03-27T17:31:22.099000+00:00,0.2509248,3.9999999999999996,181.36831666666666
STGUSDT,2026-03-27,winner,pump,893253,55926612.61236,2026-03-27T14:30:00+00:00,0.26138,2026-03-27T10:25:00+00:00,0.29769,20.386979744029034,34.09459459459461,9.327416022649022,1.2548779554671379,50.2194029258621,569.8563166666667,4.0,3.0,tp,2026-03-27T17:31:22.099000+00:00,0.2509248,3.9999999999999996,181.36831666666666
STGUSDT,2026-03-27,winner,pump,893253,55926612.61236,2026-03-27T14:30:00+00:00,0.26138,2026-03-27T10:25:00+00:00,0.29769,20.386979744029034,34.09459459459461,9.327416022649022,1.2548779554671379,50.2194029258621,569.8563166666667,4.0,4.0,tp,2026-03-27T17:31:22.099000+00:00,0.2509248,3.9999999999999996,181.36831666666666
STGUSDT,2026-03-27,winner,pump,893253,55926612.61236,2026-03-27T14:30:00+00:00,0.26138,2026-03-27T10:25:00+00:00,0.29769,20.386979744029034,34.09459459459461,9.327416022649022,1.2548779554671379,50.2194029258621,569.8563166666667,4.0,5.0,tp,2026-03-27T17:31:22.099000+00:00,0.2509248,3.9999999999999996,181.36831666666666
STGUSDT,2026-03-27,winner,pump,893253,55926612.61236,2026-03-27T14:30:00+00:00,0.26138,2026-03-27T10:25:00+00:00,0.29769,20.386979744029034,34.09459459459461,9.327416022649022,1.2548779554671379,50.2194029258621,569.8563166666667,4.0,7.000000000000001,tp,2026-03-27T17:31:22.099000+00:00,0.2509248,3.9999999999999996,181.36831666666666
STGUSDT,2026-03-27,winner,pump,893253,55926612.61236,2026-03-27T14:30:00+00:00,0.26138,2026-03-27T10:25:00+00:00,0.29769,20.386979744029034,34.09459459459461,9.327416022649022,1.2548779554671379,50.2194029258621,569.8563166666667,5.0,1.0,sl,2026-03-27T15:14:44.276000+00:00,0.2639938,-0.9999999999999999,44.73793333333333
STGUSDT,2026-03-27,winner,pump,893253,55926612.61236,2026-03-27T14:30:00+00:00,0.26138,2026-03-27T10:25:00+00:00,0.29769,20.386979744029034,34.09459459459461,9.327416022649022,1.2548779554671379,50.2194029258621,569.8563166666667,5.0,1.5,tp,2026-03-27T18:07:28.439000+00:00,0.24831099999999998,5.000000000000009,217.47398333333334
STGUSDT,2026-03-27,winner,pump,893253,55926612.61236,2026-03-27T14:30:00+00:00,0.26138,2026-03-27T10:25:00+00:00,0.29769,20.386979744029034,34.09459459459461,9.327416022649022,1.2548779554671379,50.2194029258621,569.8563166666667,5.0,2.0,tp,2026-03-27T18:07:28.439000+00:00,0.24831099999999998,5.000000000000009,217.47398333333334
STGUSDT,2026-03-27,winner,pump,893253,55926612.61236,2026-03-27T14:30:00+00:00,0.26138,2026-03-27T10:25:00+00:00,0.29769,20.386979744029034,34.09459459459461,9.327416022649022,1.2548779554671379,50.2194029258621,569.8563166666667,5.0,2.5,tp,2026-03-27T18:07:28.439000+00:00,0.24831099999999998,5.000000000000009,217.47398333333334
STGUSDT,2026-03-27,winner,pump,893253,55926612.61236,2026-03-27T14:30:00+00:00,0.26138,2026-03-27T10:25:00+00:00,0.29769,20.386979744029034,34.09459459459461,9.327416022649022,1.2548779554671379,50.2194029258621,569.8563166666667,5.0,3.0,tp,2026-03-27T18:07:28.439000+00:00,0.24831099999999998,5.000000000000009,217.47398333333334
STGUSDT,2026-03-27,winner,pump,893253,55926612.61236,2026-03-27T14:30:00+00:00,0.26138,2026-03-27T10:25:00+00:00,0.29769,20.386979744029034,34.09459459459461,9.327416022649022,1.2548779554671379,50.2194029258621,569.8563166666667,5.0,4.0,tp,2026-03-27T18:07:28.439000+00:00,0.24831099999999998,5.000000000000009,217.47398333333334
STGUSDT,2026-03-27,winner,pump,893253,55926612.61236,2026-03-27T14:30:00+00:00,0.26138,2026-03-27T10:25:00+00:00,0.29769,20.386979744029034,34.09459459459461,9.327416022649022,1.2548779554671379,50.2194029258621,569.8563166666667,5.0,5.0,tp,2026-03-27T18:07:28.439000+00:00,0.24831099999999998,5.000000000000009,217.47398333333334
STGUSDT,2026-03-27,winner,pump,893253,55926612.61236,2026-03-27T14:30:00+00:00,0.26138,2026-03-27T10:25:00+00:00,0.29769,20.386979744029034,34.09459459459461,9.327416022649022,1.2548779554671379,50.2194029258621,569.8563166666667,5.0,7.000000000000001,tp,2026-03-27T18:07:28.439000+00:00,0.24831099999999998,5.000000000000009,217.47398333333334
STGUSDT,2026-03-27,winner,pump,893253,55926612.61236,2026-03-27T14:30:00+00:00,0.26138,2026-03-27T10:25:00+00:00,0.29769,20.386979744029034,34.09459459459461,9.327416022649022,1.2548779554671379,50.2194029258621,569.8563166666667,6.0,1.0,sl,2026-03-27T15:14:44.276000+00:00,0.2639938,-0.9999999999999999,44.73793333333333
STGUSDT,2026-03-27,winner,pump,893253,55926612.61236,2026-03-27T14:30:00+00:00,0.26138,2026-03-27T10:25:00+00:00,0.29769,20.386979744029034,34.09459459459461,9.327416022649022,1.2548779554671379,50.2194029258621,569.8563166666667,6.0,1.5,tp,2026-03-27T18:11:48.808000+00:00,0.24569719999999998,6.00000000000001,221.81346666666667
STGUSDT,2026-03-27,winner,pump,893253,55926612.61236,2026-03-27T14:30:00+00:00,0.26138,2026-03-27T10:25:00+00:00,0.29769,20.386979744029034,34.09459459459461,9.327416022649022,1.2548779554671379,50.2194029258621,569.8563166666667,6.0,2.0,tp,2026-03-27T18:11:48.808000+00:00,0.24569719999999998,6.00000000000001,221.81346666666667
STGUSDT,2026-03-27,winner,pump,893253,55926612.61236,2026-03-27T14:30:00+00:00,0.26138,2026-03-27T10:25:00+00:00,0.29769,20.386979744029034,34.09459459459461,9.327416022649022,1.2548779554671379,50.2194029258621,569.8563166666667,6.0,2.5,tp,2026-03-27T18:11:48.808000+00:00,0.24569719999999998,6.00000000000001,221.81346666666667
STGUSDT,2026-03-27,winner,pump,893253,55926612.61236,2026-03-27T14:30:00+00:00,0.26138,2026-03-27T10:25:00+00:00,0.29769,20.386979744029034,34.09459459459461,9.327416022649022,1.2548779554671379,50.2194029258621,569.8563166666667,6.0,3.0,tp,2026-03-27T18:11:48.808000+00:00,0.24569719999999998,6.00000000000001,221.81346666666667
STGUSDT,2026-03-27,winner,pump,893253,55926612.61236,2026-03-27T14:30:00+00:00,0.26138,2026-03-27T10:25:00+00:00,0.29769,20.386979744029034,34.09459459459461,9.327416022649022,1.2548779554671379,50.2194029258621,569.8563166666667,6.0,4.0,tp,2026-03-27T18:11:48.808000+00:00,0.24569719999999998,6.00000000000001,221.81346666666667
STGUSDT,2026-03-27,winner,pump,893253,55926612.61236,2026-03-27T14:30:00+00:00,0.26138,2026-03-27T10:25:00+00:00,0.29769,20.386979744029034,34.09459459459461,9.327416022649022,1.2548779554671379,50.2194029258621,569.8563166666667,6.0,5.0,tp,2026-03-27T18:11:48.808000+00:00,0.24569719999999998,6.00000000000001,221.81346666666667
STGUSDT,2026-03-27,winner,pump,893253,55926612.61236,2026-03-27T14:30:00+00:00,0.26138,2026-03-27T10:25:00+00:00,0.29769,20.386979744029034,34.09459459459461,9.327416022649022,1.2548779554671379,50.2194029258621,569.8563166666667,6.0,7.000000000000001,tp,2026-03-27T18:11:48.808000+00:00,0.24569719999999998,6.00000000000001,221.81346666666667
STGUSDT,2026-03-27,winner,pump,893253,55926612.61236,2026-03-27T14:30:00+00:00,0.26138,2026-03-27T10:25:00+00:00,0.29769,20.386979744029034,34.09459459459461,9.327416022649022,1.2548779554671379,50.2194029258621,569.8563166666667,7.000000000000001,1.0,sl,2026-03-27T15:14:44.276000+00:00,0.2639938,-0.9999999999999999,44.73793333333333
STGUSDT,2026-03-27,winner,pump,893253,55926612.61236,2026-03-27T14:30:00+00:00,0.26138,2026-03-27T10:25:00+00:00,0.29769,20.386979744029034,34.09459459459461,9.327416022649022,1.2548779554671379,50.2194029258621,569.8563166666667,7.000000000000001,1.5,tp,2026-03-27T18:12:10.694000+00:00,0.24308339999999998,7.000000000000009,222.17823333333334
STGUSDT,2026-03-27,winner,pump,893253,55926612.61236,2026-03-27T14:30:00+00:00,0.26138,2026-03-27T10:25:00+00:00,0.29769,20.386979744029034,34.09459459459461,9.327416022649022,1.2548779554671379,50.2194029258621,569.8563166666667,7.000000000000001,2.0,tp,2026-03-27T18:12:10.694000+00:00,0.24308339999999998,7.000000000000009,222.17823333333334
STGUSDT,2026-03-27,winner,pump,893253,55926612.61236,2026-03-27T14:30:00+00:00,0.26138,2026-03-27T10:25:00+00:00,0.29769,20.386979744029034,34.09459459459461,9.327416022649022,1.2548779554671379,50.2194029258621,569.8563166666667,7.000000000000001,2.5,tp,2026-03-27T18:12:10.694000+00:00,0.24308339999999998,7.000000000000009,222.17823333333334
STGUSDT,2026-03-27,winner,pump,893253,55926612.61236,2026-03-27T14:30:00+00:00,0.26138,2026-03-27T10:25:00+00:00,0.29769,20.386979744029034,34.09459459459461,9.327416022649022,1.2548779554671379,50.2194029258621,569.8563166666667,7.000000000000001,3.0,tp,2026-03-27T18:12:10.694000+00:00,0.24308339999999998,7.000000000000009,222.17823333333334
STGUSDT,2026-03-27,winner,pump,893253,55926612.61236,2026-03-27T14:30:00+00:00,0.26138,2026-03-27T10:25:00+00:00,0.29769,20.386979744029034,34.09459459459461,9.327416022649022,1.2548779554671379,50.2194029258621,569.8563166666667,7.000000000000001,4.0,tp,2026-03-27T18:12:10.694000+00:00,0.24308339999999998,7.000000000000009,222.17823333333334
STGUSDT,2026-03-27,winner,pump,893253,55926612.61236,2026-03-27T14:30:00+00:00,0.26138,2026-03-27T10:25:00+00:00,0.29769,20.386979744029034,34.09459459459461,9.327416022649022,1.2548779554671379,50.2194029258621,569.8563166666667,7.000000000000001,5.0,tp,2026-03-27T18:12:10.694000+00:00,0.24308339999999998,7.000000000000009,222.17823333333334
STGUSDT,2026-03-27,winner,pump,893253,55926612.61236,2026-03-27T14:30:00+00:00,0.26138,2026-03-27T10:25:00+00:00,0.29769,20.386979744029034,34.09459459459461,9.327416022649022,1.2548779554671379,50.2194029258621,569.8563166666667,7.000000000000001,7.000000000000001,tp,2026-03-27T18:12:10.694000+00:00,0.24308339999999998,7.000000000000009,222.17823333333334
STGUSDT,2026-03-27,winner,pump,893253,55926612.61236,2026-03-27T14:30:00+00:00,0.26138,2026-03-27T10:25:00+00:00,0.29769,20.386979744029034,34.09459459459461,9.327416022649022,1.2548779554671379,50.2194029258621,569.8563166666667,8.0,1.0,sl,2026-03-27T15:14:44.276000+00:00,0.2639938,-0.9999999999999999,44.73793333333333
STGUSDT,2026-03-27,winner,pump,893253,55926612.61236,2026-03-27T14:30:00+00:00,0.26138,2026-03-27T10:25:00+00:00,0.29769,20.386979744029034,34.09459459459461,9.327416022649022,1.2548779554671379,50.2194029258621,569.8563166666667,8.0,1.5,tp,2026-03-27T18:29:10.377000+00:00,0.2404696,7.999999999999999,239.17295000000001
STGUSDT,2026-03-27,winner,pump,893253,55926612.61236,2026-03-27T14:30:00+00:00,0.26138,2026-03-27T10:25:00+00:00,0.29769,20.386979744029034,34.09459459459461,9.327416022649022,1.2548779554671379,50.2194029258621,569.8563166666667,8.0,2.0,tp,2026-03-27T18:29:10.377000+00:00,0.2404696,7.999999999999999,239.17295000000001
STGUSDT,2026-03-27,winner,pump,893253,55926612.61236,2026-03-27T14:30:00+00:00,0.26138,2026-03-27T10:25:00+00:00,0.29769,20.386979744029034,34.09459459459461,9.327416022649022,1.2548779554671379,50.2194029258621,569.8563166666667,8.0,2.5,tp,2026-03-27T18:29:10.377000+00:00,0.2404696,7.999999999999999,239.17295000000001
STGUSDT,2026-03-27,winner,pump,893253,55926612.61236,2026-03-27T14:30:00+00:00,0.26138,2026-03-27T10:25:00+00:00,0.29769,20.386979744029034,34.09459459459461,9.327416022649022,1.2548779554671379,50.2194029258621,569.8563166666667,8.0,3.0,tp,2026-03-27T18:29:10.377000+00:00,0.2404696,7.999999999999999,239.17295000000001
STGUSDT,2026-03-27,winner,pump,893253,55926612.61236,2026-03-27T14:30:00+00:00,0.26138,2026-03-27T10:25:00+00:00,0.29769,20.386979744029034,34.09459459459461,9.327416022649022,1.2548779554671379,50.2194029258621,569.8563166666667,8.0,4.0,tp,2026-03-27T18:29:10.377000+00:00,0.2404696,7.999999999999999,239.17295000000001
STGUSDT,2026-03-27,winner,pump,893253,55926612.61236,2026-03-27T14:30:00+00:00,0.26138,2026-03-27T10:25:00+00:00,0.29769,20.386979744029034,34.09459459459461,9.327416022649022,1.2548779554671379,50.2194029258621,569.8563166666667,8.0,5.0,tp,2026-03-27T18:29:10.377000+00:00,0.2404696,7.999999999999999,239.17295000000001
STGUSDT,2026-03-27,winner,pump,893253,55926612.61236,2026-03-27T14:30:00+00:00,0.26138,2026-03-27T10:25:00+00:00,0.29769,20.386979744029034,34.09459459459461,9.327416022649022,1.2548779554671379,50.2194029258621,569.8563166666667,8.0,7.000000000000001,tp,2026-03-27T18:29:10.377000+00:00,0.2404696,7.999999999999999,239.17295000000001
STGUSDT,2026-03-27,winner,pump,893253,55926612.61236,2026-03-27T14:30:00+00:00,0.26138,2026-03-27T10:25:00+00:00,0.29769,20.386979744029034,34.09459459459461,9.327416022649022,1.2548779554671379,50.2194029258621,569.8563166666667,10.0,1.0,sl,2026-03-27T15:14:44.276000+00:00,0.2639938,-0.9999999999999999,44.73793333333333
STGUSDT,2026-03-27,winner,pump,893253,55926612.61236,2026-03-27T14:30:00+00:00,0.26138,2026-03-27T10:25:00+00:00,0.29769,20.386979744029034,34.09459459459461,9.327416022649022,1.2548779554671379,50.2194029258621,569.8563166666667,10.0,1.5,eod,2026-03-27T23:59:51.379000+00:00,0.23789,8.986915601805805,569.8563166666667
STGUSDT,2026-03-27,winner,pump,893253,55926612.61236,2026-03-27T14:30:00+00:00,0.26138,2026-03-27T10:25:00+00:00,0.29769,20.386979744029034,34.09459459459461,9.327416022649022,1.2548779554671379,50.2194029258621,569.8563166666667,10.0,2.0,eod,2026-03-27T23:59:51.379000+00:00,0.23789,8.986915601805805,569.8563166666667
STGUSDT,2026-03-27,winner,pump,893253,55926612.61236,2026-03-27T14:30:00+00:00,0.26138,2026-03-27T10:25:00+00:00,0.29769,20.386979744029034,34.09459459459461,9.327416022649022,1.2548779554671379,50.2194029258621,569.8563166666667,10.0,2.5,eod,2026-03-27T23:59:51.379000+00:00,0.23789,8.986915601805805,569.8563166666667
STGUSDT,2026-03-27,winner,pump,893253,55926612.61236,2026-03-27T14:30:00+00:00,0.26138,2026-03-27T10:25:00+00:00,0.29769,20.386979744029034,34.09459459459461,9.327416022649022,1.2548779554671379,50.2194029258621,569.8563166666667,10.0,3.0,eod,2026-03-27T23:59:51.379000+00:00,0.23789,8.986915601805805,569.8563166666667
STGUSDT,2026-03-27,winner,pump,893253,55926612.61236,2026-03-27T14:30:00+00:00,0.26138,2026-03-27T10:25:00+00:00,0.29769,20.386979744029034,34.09459459459461,9.327416022649022,1.2548779554671379,50.2194029258621,569.8563166666667,10.0,4.0,eod,2026-03-27T23:59:51.379000+00:00,0.23789,8.986915601805805,569.8563166666667
STGUSDT,2026-03-27,winner,pump,893253,55926612.61236,2026-03-27T14:30:00+00:00,0.26138,2026-03-27T10:25:00+00:00,0.29769,20.386979744029034,34.09459459459461,9.327416022649022,1.2548779554671379,50.2194029258621,569.8563166666667,10.0,5.0,eod,2026-03-27T23:59:51.379000+00:00,0.23789,8.986915601805805,569.8563166666667
STGUSDT,2026-03-27,winner,pump,893253,55926612.61236,2026-03-27T14:30:00+00:00,0.26138,2026-03-27T10:25:00+00:00,0.29769,20.386979744029034,34.09459459459461,9.327416022649022,1.2548779554671379,50.2194029258621,569.8563166666667,10.0,7.000000000000001,eod,2026-03-27T23:59:51.379000+00:00,0.23789,8.986915601805805,569.8563166666667
STGUSDT,2026-03-27,winner,pump,893253,55926612.61236,2026-03-27T14:30:00+00:00,0.26138,2026-03-27T10:25:00+00:00,0.29769,20.386979744029034,34.09459459459461,9.327416022649022,1.2548779554671379,50.2194029258621,569.8563166666667,12.0,1.0,sl,2026-03-27T15:14:44.276000+00:00,0.2639938,-0.9999999999999999,44.73793333333333
STGUSDT,2026-03-27,winner,pump,893253,55926612.61236,2026-03-27T14:30:00+00:00,0.26138,2026-03-27T10:25:00+00:00,0.29769,20.386979744029034,34.09459459459461,9.327416022649022,1.2548779554671379,50.2194029258621,569.8563166666667,12.0,1.5,eod,2026-03-27T23:59:51.379000+00:00,0.23789,8.986915601805805,569.8563166666667
STGUSDT,2026-03-27,winner,pump,893253,55926612.61236,2026-03-27T14:30:00+00:00,0.26138,2026-03-27T10:25:00+00:00,0.29769,20.386979744029034,34.09459459459461,9.327416022649022,1.2548779554671379,50.2194029258621,569.8563166666667,12.0,2.0,eod,2026-03-27T23:59:51.379000+00:00,0.23789,8.986915601805805,569.8563166666667
STGUSDT,2026-03-27,winner,pump,893253,55926612.61236,2026-03-27T14:30:00+00:00,0.26138,2026-03-27T10:25:00+00:00,0.29769,20.386979744029034,34.09459459459461,9.327416022649022,1.2548779554671379,50.2194029258621,569.8563166666667,12.0,2.5,eod,2026-03-27T23:59:51.379000+00:00,0.23789,8.986915601805805,569.8563166666667
STGUSDT,2026-03-27,winner,pump,893253,55926612.61236,2026-03-27T14:30:00+00:00,0.26138,2026-03-27T10:25:00+00:00,0.29769,20.386979744029034,34.09459459459461,9.327416022649022,1.2548779554671379,50.2194029258621,569.8563166666667,12.0,3.0,eod,2026-03-27T23:59:51.379000+00:00,0.23789,8.986915601805805,569.8563166666667
STGUSDT,2026-03-27,winner,pump,893253,55926612.61236,2026-03-27T14:30:00+00:00,0.26138,2026-03-27T10:25:00+00:00,0.29769,20.386979744029034,34.09459459459461,9.327416022649022,1.2548779554671379,50.2194029258621,569.8563166666667,12.0,4.0,eod,2026-03-27T23:59:51.379000+00:00,0.23789,8.986915601805805,569.8563166666667
STGUSDT,2026-03-27,winner,pump,893253,55926612.61236,2026-03-27T14:30:00+00:00,0.26138,2026-03-27T10:25:00+00:00,0.29769,20.386979744029034,34.09459459459461,9.327416022649022,1.2548779554671379,50.2194029258621,569.8563166666667,12.0,5.0,eod,2026-03-27T23:59:51.379000+00:00,0.23789,8.986915601805805,569.8563166666667
STGUSDT,2026-03-27,winner,pump,893253,55926612.61236,2026-03-27T14:30:00+00:00,0.26138,2026-03-27T10:25:00+00:00,0.29769,20.386979744029034,34.09459459459461,9.327416022649022,1.2548779554671379,50.2194029258621,569.8563166666667,12.0,7.000000000000001,eod,2026-03-27T23:59:51.379000+00:00,0.23789,8.986915601805805,569.8563166666667
STGUSDT,2026-03-27,winner,pump,893253,55926612.61236,2026-03-27T14:30:00+00:00,0.26138,2026-03-27T10:25:00+00:00,0.29769,20.386979744029034,34.09459459459461,9.327416022649022,1.2548779554671379,50.2194029258621,569.8563166666667,15.0,1.0,sl,2026-03-27T15:14:44.276000+00:00,0.2639938,-0.9999999999999999,44.73793333333333
STGUSDT,2026-03-27,winner,pump,893253,55926612.61236,2026-03-27T14:30:00+00:00,0.26138,2026-03-27T10:25:00+00:00,0.29769,20.386979744029034,34.09459459459461,9.327416022649022,1.2548779554671379,50.2194029258621,569.8563166666667,15.0,1.5,eod,2026-03-27T23:59:51.379000+00:00,0.23789,8.986915601805805,569.8563166666667
STGUSDT,2026-03-27,winner,pump,893253,55926612.61236,2026-03-27T14:30:00+00:00,0.26138,2026-03-27T10:25:00+00:00,0.29769,20.386979744029034,34.09459459459461,9.327416022649022,1.2548779554671379,50.2194029258621,569.8563166666667,15.0,2.0,eod,2026-03-27T23:59:51.379000+00:00,0.23789,8.986915601805805,569.8563166666667
STGUSDT,2026-03-27,winner,pump,893253,55926612.61236,2026-03-27T14:30:00+00:00,0.26138,2026-03-27T10:25:00+00:00,0.29769,20.386979744029034,34.09459459459461,9.327416022649022,1.2548779554671379,50.2194029258621,569.8563166666667,15.0,2.5,eod,2026-03-27T23:59:51.379000+00:00,0.23789,8.986915601805805,569.8563166666667
STGUSDT,2026-03-27,winner,pump,893253,55926612.61236,2026-03-27T14:30:00+00:00,0.26138,2026-03-27T10:25:00+00:00,0.29769,20.386979744029034,34.09459459459461,9.327416022649022,1.2548779554671379,50.2194029258621,569.8563166666667,15.0,3.0,eod,2026-03-27T23:59:51.379000+00:00,0.23789,8.986915601805805,569.8563166666667
STGUSDT,2026-03-27,winner,pump,893253,55926612.61236,2026-03-27T14:30:00+00:00,0.26138,2026-03-27T10:25:00+00:00,0.29769,20.386979744029034,34.09459459459461,9.327416022649022,1.2548779554671379,50.2194029258621,569.8563166666667,15.0,4.0,eod,2026-03-27T23:59:51.379000+00:00,0.23789,8.986915601805805,569.8563166666667
STGUSDT,2026-03-27,winner,pump,893253,55926612.61236,2026-03-27T14:30:00+00:00,0.26138,2026-03-27T10:25:00+00:00,0.29769,20.386979744029034,34.09459459459461,9.327416022649022,1.2548779554671379,50.2194029258621,569.8563166666667,15.0,5.0,eod,2026-03-27T23:59:51.379000+00:00,0.23789,8.986915601805805,569.8563166666667
STGUSDT,2026-03-27,winner,pump,893253,55926612.61236,2026-03-27T14:30:00+00:00,0.26138,2026-03-27T10:25:00+00:00,0.29769,20.386979744029034,34.09459459459461,9.327416022649022,1.2548779554671379,50.2194029258621,569.8563166666667,15.0,7.000000000000001,eod,2026-03-27T23:59:51.379000+00:00,0.23789,8.986915601805805,569.8563166666667
STGUSDT,2026-03-27,winner,pump,893253,55926612.61236,2026-03-27T14:30:00+00:00,0.26138,2026-03-27T10:25:00+00:00,0.29769,20.386979744029034,34.09459459459461,9.327416022649022,1.2548779554671379,50.2194029258621,569.8563166666667,20.0,1.0,sl,2026-03-27T15:14:44.276000+00:00,0.2639938,-0.9999999999999999,44.73793333333333
STGUSDT,2026-03-27,winner,pump,893253,55926612.61236,2026-03-27T14:30:00+00:00,0.26138,2026-03-27T10:25:00+00:00,0.29769,20.386979744029034,34.09459459459461,9.327416022649022,1.2548779554671379,50.2194029258621,569.8563166666667,20.0,1.5,eod,2026-03-27T23:59:51.379000+00:00,0.23789,8.986915601805805,569.8563166666667
STGUSDT,2026-03-27,winner,pump,893253,55926612.61236,2026-03-27T14:30:00+00:00,0.26138,2026-03-27T10:25:00+00:00,0.29769,20.386979744029034,34.09459459459461,9.327416022649022,1.2548779554671379,50.2194029258621,569.8563166666667,20.0,2.0,eod,2026-03-27T23:59:51.379000+00:00,0.23789,8.986915601805805,569.8563166666667
STGUSDT,2026-03-27,winner,pump,893253,55926612.61236,2026-03-27T14:30:00+00:00,0.26138,2026-03-27T10:25:00+00:00,0.29769,20.386979744029034,34.09459459459461,9.327416022649022,1.2548779554671379,50.2194029258621,569.8563166666667,20.0,2.5,eod,2026-03-27T23:59:51.379000+00:00,0.23789,8.986915601805805,569.8563166666667
STGUSDT,2026-03-27,winner,pump,893253,55926612.61236,2026-03-27T14:30:00+00:00,0.26138,2026-03-27T10:25:00+00:00,0.29769,20.386979744029034,34.09459459459461,9.327416022649022,1.2548779554671379,50.2194029258621,569.8563166666667,20.0,3.0,eod,2026-03-27T23:59:51.379000+00:00,0.23789,8.986915601805805,569.8563166666667
STGUSDT,2026-03-27,winner,pump,893253,55926612.61236,2026-03-27T14:30:00+00:00,0.26138,2026-03-27T10:25:00+00:00,0.29769,20.386979744029034,34.09459459459461,9.327416022649022,1.2548779554671379,50.2194029258621,569.8563166666667,20.0,4.0,eod,2026-03-27T23:59:51.379000+00:00,0.23789,8.986915601805805,569.8563166666667
STGUSDT,2026-03-27,winner,pump,893253,55926612.61236,2026-03-27T14:30:00+00:00,0.26138,2026-03-27T10:25:00+00:00,0.29769,20.386979744029034,34.09459459459461,9.327416022649022,1.2548779554671379,50.2194029258621,569.8563166666667,20.0,5.0,eod,2026-03-27T23:59:51.379000+00:00,0.23789,8.986915601805805,569.8563166666667
STGUSDT,2026-03-27,winner,pump,893253,55926612.61236,2026-03-27T14:30:00+00:00,0.26138,2026-03-27T10:25:00+00:00,0.29769,20.386979744029034,34.09459459459461,9.327416022649022,1.2548779554671379,50.2194029258621,569.8563166666667,20.0,7.000000000000001,eod,2026-03-27T23:59:51.379000+00:00,0.23789,8.986915601805805,569.8563166666667
ENAUSDT,2026-03-27,extra_candidate,weak,382253,51444781.36558,2026-03-27T07:00:00+00:00,0.09802,2026-03-27T05:15:00+00:00,0.09962,11.272836779763107,3.1583307445376407,9.824525607018977,0.673331973066729,55.05586912404327,1019.9500333333333,3.0,1.0,tp,2026-03-27T09:35:21.724000+00:00,0.0950794,3.0000000000000018,155.36206666666666
ENAUSDT,2026-03-27,extra_candidate,weak,382253,51444781.36558,2026-03-27T07:00:00+00:00,0.09802,2026-03-27T05:15:00+00:00,0.09962,11.272836779763107,3.1583307445376407,9.824525607018977,0.673331973066729,55.05586912404327,1019.9500333333333,3.0,1.5,tp,2026-03-27T09:35:21.724000+00:00,0.0950794,3.0000000000000018,155.36206666666666
ENAUSDT,2026-03-27,extra_candidate,weak,382253,51444781.36558,2026-03-27T07:00:00+00:00,0.09802,2026-03-27T05:15:00+00:00,0.09962,11.272836779763107,3.1583307445376407,9.824525607018977,0.673331973066729,55.05586912404327,1019.9500333333333,3.0,2.0,tp,2026-03-27T09:35:21.724000+00:00,0.0950794,3.0000000000000018,155.36206666666666
ENAUSDT,2026-03-27,extra_candidate,weak,382253,51444781.36558,2026-03-27T07:00:00+00:00,0.09802,2026-03-27T05:15:00+00:00,0.09962,11.272836779763107,3.1583307445376407,9.824525607018977,0.673331973066729,55.05586912404327,1019.9500333333333,3.0,2.5,tp,2026-03-27T09:35:21.724000+00:00,0.0950794,3.0000000000000018,155.36206666666666
ENAUSDT,2026-03-27,extra_candidate,weak,382253,51444781.36558,2026-03-27T07:00:00+00:00,0.09802,2026-03-27T05:15:00+00:00,0.09962,11.272836779763107,3.1583307445376407,9.824525607018977,0.673331973066729,55.05586912404327,1019.9500333333333,3.0,3.0,tp,2026-03-27T09:35:21.724000+00:00,0.0950794,3.0000000000000018,155.36206666666666
ENAUSDT,2026-03-27,extra_candidate,weak,382253,51444781.36558,2026-03-27T07:00:00+00:00,0.09802,2026-03-27T05:15:00+00:00,0.09962,11.272836779763107,3.1583307445376407,9.824525607018977,0.673331973066729,55.05586912404327,1019.9500333333333,3.0,4.0,tp,2026-03-27T09:35:21.724000+00:00,0.0950794,3.0000000000000018,155.36206666666666
ENAUSDT,2026-03-27,extra_candidate,weak,382253,51444781.36558,2026-03-27T07:00:00+00:00,0.09802,2026-03-27T05:15:00+00:00,0.09962,11.272836779763107,3.1583307445376407,9.824525607018977,0.673331973066729,55.05586912404327,1019.9500333333333,3.0,5.0,tp,2026-03-27T09:35:21.724000+00:00,0.0950794,3.0000000000000018,155.36206666666666
ENAUSDT,2026-03-27,extra_candidate,weak,382253,51444781.36558,2026-03-27T07:00:00+00:00,0.09802,2026-03-27T05:15:00+00:00,0.09962,11.272836779763107,3.1583307445376407,9.824525607018977,0.673331973066729,55.05586912404327,1019.9500333333333,3.0,7.000000000000001,tp,2026-03-27T09:35:21.724000+00:00,0.0950794,3.0000000000000018,155.36206666666666
ENAUSDT,2026-03-27,extra_candidate,weak,382253,51444781.36558,2026-03-27T07:00:00+00:00,0.09802,2026-03-27T05:15:00+00:00,0.09962,11.272836779763107,3.1583307445376407,9.824525607018977,0.673331973066729,55.05586912404327,1019.9500333333333,4.0,1.0,tp,2026-03-27T10:37:23.407000+00:00,0.0940992,4.000000000000002,217.39011666666664
ENAUSDT,2026-03-27,extra_candidate,weak,382253,51444781.36558,2026-03-27T07:00:00+00:00,0.09802,2026-03-27T05:15:00+00:00,0.09962,11.272836779763107,3.1583307445376407,9.824525607018977,0.673331973066729,55.05586912404327,1019.9500333333333,4.0,1.5,tp,2026-03-27T10:37:23.407000+00:00,0.0940992,4.000000000000002,217.39011666666664
ENAUSDT,2026-03-27,extra_candidate,weak,382253,51444781.36558,2026-03-27T07:00:00+00:00,0.09802,2026-03-27T05:15:00+00:00,0.09962,11.272836779763107,3.1583307445376407,9.824525607018977,0.673331973066729,55.05586912404327,1019.9500333333333,4.0,2.0,tp,2026-03-27T10:37:23.407000+00:00,0.0940992,4.000000000000002,217.39011666666664
ENAUSDT,2026-03-27,extra_candidate,weak,382253,51444781.36558,2026-03-27T07:00:00+00:00,0.09802,2026-03-27T05:15:00+00:00,0.09962,11.272836779763107,3.1583307445376407,9.824525607018977,0.673331973066729,55.05586912404327,1019.9500333333333,4.0,2.5,tp,2026-03-27T10:37:23.407000+00:00,0.0940992,4.000000000000002,217.39011666666664
ENAUSDT,2026-03-27,extra_candidate,weak,382253,51444781.36558,2026-03-27T07:00:00+00:00,0.09802,2026-03-27T05:15:00+00:00,0.09962,11.272836779763107,3.1583307445376407,9.824525607018977,0.673331973066729,55.05586912404327,1019.9500333333333,4.0,3.0,tp,2026-03-27T10:37:23.407000+00:00,0.0940992,4.000000000000002,217.39011666666664
ENAUSDT,2026-03-27,extra_candidate,weak,382253,51444781.36558,2026-03-27T07:00:00+00:00,0.09802,2026-03-27T05:15:00+00:00,0.09962,11.272836779763107,3.1583307445376407,9.824525607018977,0.673331973066729,55.05586912404327,1019.9500333333333,4.0,4.0,tp,2026-03-27T10:37:23.407000+00:00,0.0940992,4.000000000000002,217.39011666666664
ENAUSDT,2026-03-27,extra_candidate,weak,382253,51444781.36558,2026-03-27T07:00:00+00:00,0.09802,2026-03-27T05:15:00+00:00,0.09962,11.272836779763107,3.1583307445376407,9.824525607018977,0.673331973066729,55.05586912404327,1019.9500333333333,4.0,5.0,tp,2026-03-27T10:37:23.407000+00:00,0.0940992,4.000000000000002,217.39011666666664
ENAUSDT,2026-03-27,extra_candidate,weak,382253,51444781.36558,2026-03-27T07:00:00+00:00,0.09802,2026-03-27T05:15:00+00:00,0.09962,11.272836779763107,3.1583307445376407,9.824525607018977,0.673331973066729,55.05586912404327,1019.9500333333333,4.0,7.000000000000001,tp,2026-03-27T10:37:23.407000+00:00,0.0940992,4.000000000000002,217.39011666666664
ENAUSDT,2026-03-27,extra_candidate,weak,382253,51444781.36558,2026-03-27T07:00:00+00:00,0.09802,2026-03-27T05:15:00+00:00,0.09962,11.272836779763107,3.1583307445376407,9.824525607018977,0.673331973066729,55.05586912404327,1019.9500333333333,5.0,1.0,tp,2026-03-27T10:39:05.947000+00:00,0.093119,5.000000000000003,219.09911666666667
ENAUSDT,2026-03-27,extra_candidate,weak,382253,51444781.36558,2026-03-27T07:00:00+00:00,0.09802,2026-03-27T05:15:00+00:00,0.09962,11.272836779763107,3.1583307445376407,9.824525607018977,0.673331973066729,55.05586912404327,1019.9500333333333,5.0,1.5,tp,2026-03-27T10:39:05.947000+00:00,0.093119,5.000000000000003,219.09911666666667
ENAUSDT,2026-03-27,extra_candidate,weak,382253,51444781.36558,2026-03-27T07:00:00+00:00,0.09802,2026-03-27T05:15:00+00:00,0.09962,11.272836779763107,3.1583307445376407,9.824525607018977,0.673331973066729,55.05586912404327,1019.9500333333333,5.0,2.0,tp,2026-03-27T10:39:05.947000+00:00,0.093119,5.000000000000003,219.09911666666667
ENAUSDT,2026-03-27,extra_candidate,weak,382253,51444781.36558,2026-03-27T07:00:00+00:00,0.09802,2026-03-27T05:15:00+00:00,0.09962,11.272836779763107,3.1583307445376407,9.824525607018977,0.673331973066729,55.05586912404327,1019.9500333333333,5.0,2.5,tp,2026-03-27T10:39:05.947000+00:00,0.093119,5.000000000000003,219.09911666666667
ENAUSDT,2026-03-27,extra_candidate,weak,382253,51444781.36558,2026-03-27T07:00:00+00:00,0.09802,2026-03-27T05:15:00+00:00,0.09962,11.272836779763107,3.1583307445376407,9.824525607018977,0.673331973066729,55.05586912404327,1019.9500333333333,5.0,3.0,tp,2026-03-27T10:39:05.947000+00:00,0.093119,5.000000000000003,219.09911666666667
ENAUSDT,2026-03-27,extra_candidate,weak,382253,51444781.36558,2026-03-27T07:00:00+00:00,0.09802,2026-03-27T05:15:00+00:00,0.09962,11.272836779763107,3.1583307445376407,9.824525607018977,0.673331973066729,55.05586912404327,1019.9500333333333,5.0,4.0,tp,2026-03-27T10:39:05.947000+00:00,0.093119,5.000000000000003,219.09911666666667
ENAUSDT,2026-03-27,extra_candidate,weak,382253,51444781.36558,2026-03-27T07:00:00+00:00,0.09802,2026-03-27T05:15:00+00:00,0.09962,11.272836779763107,3.1583307445376407,9.824525607018977,0.673331973066729,55.05586912404327,1019.9500333333333,5.0,5.0,tp,2026-03-27T10:39:05.947000+00:00,0.093119,5.000000000000003,219.09911666666667
ENAUSDT,2026-03-27,extra_candidate,weak,382253,51444781.36558,2026-03-27T07:00:00+00:00,0.09802,2026-03-27T05:15:00+00:00,0.09962,11.272836779763107,3.1583307445376407,9.824525607018977,0.673331973066729,55.05586912404327,1019.9500333333333,5.0,7.000000000000001,tp,2026-03-27T10:39:05.947000+00:00,0.093119,5.000000000000003,219.09911666666667
ENAUSDT,2026-03-27,extra_candidate,weak,382253,51444781.36558,2026-03-27T07:00:00+00:00,0.09802,2026-03-27T05:15:00+00:00,0.09962,11.272836779763107,3.1583307445376407,9.824525607018977,0.673331973066729,55.05586912404327,1019.9500333333333,6.0,1.0,tp,2026-03-27T13:36:59.757000+00:00,0.09213879999999999,6.0000000000000036,396.99595000000005
ENAUSDT,2026-03-27,extra_candidate,weak,382253,51444781.36558,2026-03-27T07:00:00+00:00,0.09802,2026-03-27T05:15:00+00:00,0.09962,11.272836779763107,3.1583307445376407,9.824525607018977,0.673331973066729,55.05586912404327,1019.9500333333333,6.0,1.5,tp,2026-03-27T13:36:59.757000+00:00,0.09213879999999999,6.0000000000000036,396.99595000000005
ENAUSDT,2026-03-27,extra_candidate,weak,382253,51444781.36558,2026-03-27T07:00:00+00:00,0.09802,2026-03-27T05:15:00+00:00,0.09962,11.272836779763107,3.1583307445376407,9.824525607018977,0.673331973066729,55.05586912404327,1019.9500333333333,6.0,2.0,tp,2026-03-27T13:36:59.757000+00:00,0.09213879999999999,6.0000000000000036,396.99595000000005
ENAUSDT,2026-03-27,extra_candidate,weak,382253,51444781.36558,2026-03-27T07:00:00+00:00,0.09802,2026-03-27T05:15:00+00:00,0.09962,11.272836779763107,3.1583307445376407,9.824525607018977,0.673331973066729,55.05586912404327,1019.9500333333333,6.0,2.5,tp,2026-03-27T13:36:59.757000+00:00,0.09213879999999999,6.0000000000000036,396.99595000000005
ENAUSDT,2026-03-27,extra_candidate,weak,382253,51444781.36558,2026-03-27T07:00:00+00:00,0.09802,2026-03-27T05:15:00+00:00,0.09962,11.272836779763107,3.1583307445376407,9.824525607018977,0.673331973066729,55.05586912404327,1019.9500333333333,6.0,3.0,tp,2026-03-27T13:36:59.757000+00:00,0.09213879999999999,6.0000000000000036,396.99595000000005
ENAUSDT,2026-03-27,extra_candidate,weak,382253,51444781.36558,2026-03-27T07:00:00+00:00,0.09802,2026-03-27T05:15:00+00:00,0.09962,11.272836779763107,3.1583307445376407,9.824525607018977,0.673331973066729,55.05586912404327,1019.9500333333333,6.0,4.0,tp,2026-03-27T13:36:59.757000+00:00,0.09213879999999999,6.0000000000000036,396.99595000000005
ENAUSDT,2026-03-27,extra_candidate,weak,382253,51444781.36558,2026-03-27T07:00:00+00:00,0.09802,2026-03-27T05:15:00+00:00,0.09962,11.272836779763107,3.1583307445376407,9.824525607018977,0.673331973066729,55.05586912404327,1019.9500333333333,6.0,5.0,tp,2026-03-27T13:36:59.757000+00:00,0.09213879999999999,6.0000000000000036,396.99595000000005
ENAUSDT,2026-03-27,extra_candidate,weak,382253,51444781.36558,2026-03-27T07:00:00+00:00,0.09802,2026-03-27T05:15:00+00:00,0.09962,11.272836779763107,3.1583307445376407,9.824525607018977,0.673331973066729,55.05586912404327,1019.9500333333333,6.0,7.000000000000001,tp,2026-03-27T13:36:59.757000+00:00,0.09213879999999999,6.0000000000000036,396.99595000000005
ENAUSDT,2026-03-27,extra_candidate,weak,382253,51444781.36558,2026-03-27T07:00:00+00:00,0.09802,2026-03-27T05:15:00+00:00,0.09962,11.272836779763107,3.1583307445376407,9.824525607018977,0.673331973066729,55.05586912404327,1019.9500333333333,7.000000000000001,1.0,tp,2026-03-27T17:25:08.047000+00:00,0.09115859999999999,7.0000000000000036,625.1341166666666
ENAUSDT,2026-03-27,extra_candidate,weak,382253,51444781.36558,2026-03-27T07:00:00+00:00,0.09802,2026-03-27T05:15:00+00:00,0.09962,11.272836779763107,3.1583307445376407,9.824525607018977,0.673331973066729,55.05586912404327,1019.9500333333333,7.000000000000001,1.5,tp,2026-03-27T17:25:08.047000+00:00,0.09115859999999999,7.0000000000000036,625.1341166666666
ENAUSDT,2026-03-27,extra_candidate,weak,382253,51444781.36558,2026-03-27T07:00:00+00:00,0.09802,2026-03-27T05:15:00+00:00,0.09962,11.272836779763107,3.1583307445376407,9.824525607018977,0.673331973066729,55.05586912404327,1019.9500333333333,7.000000000000001,2.0,tp,2026-03-27T17:25:08.047000+00:00,0.09115859999999999,7.0000000000000036,625.1341166666666
ENAUSDT,2026-03-27,extra_candidate,weak,382253,51444781.36558,2026-03-27T07:00:00+00:00,0.09802,2026-03-27T05:15:00+00:00,0.09962,11.272836779763107,3.1583307445376407,9.824525607018977,0.673331973066729,55.05586912404327,1019.9500333333333,7.000000000000001,2.5,tp,2026-03-27T17:25:08.047000+00:00,0.09115859999999999,7.0000000000000036,625.1341166666666
ENAUSDT,2026-03-27,extra_candidate,weak,382253,51444781.36558,2026-03-27T07:00:00+00:00,0.09802,2026-03-27T05:15:00+00:00,0.09962,11.272836779763107,3.1583307445376407,9.824525607018977,0.673331973066729,55.05586912404327,1019.9500333333333,7.000000000000001,3.0,tp,2026-03-27T17:25:08.047000+00:00,0.09115859999999999,7.0000000000000036,625.1341166666666
ENAUSDT,2026-03-27,extra_candidate,weak,382253,51444781.36558,2026-03-27T07:00:00+00:00,0.09802,2026-03-27T05:15:00+00:00,0.09962,11.272836779763107,3.1583307445376407,9.824525607018977,0.673331973066729,55.05586912404327,1019.9500333333333,7.000000000000001,4.0,tp,2026-03-27T17:25:08.047000+00:00,0.09115859999999999,7.0000000000000036,625.1341166666666
ENAUSDT,2026-03-27,extra_candidate,weak,382253,51444781.36558,2026-03-27T07:00:00+00:00,0.09802,2026-03-27T05:15:00+00:00,0.09962,11.272836779763107,3.1583307445376407,9.824525607018977,0.673331973066729,55.05586912404327,1019.9500333333333,7.000000000000001,5.0,tp,2026-03-27T17:25:08.047000+00:00,0.09115859999999999,7.0000000000000036,625.1341166666666
ENAUSDT,2026-03-27,extra_candidate,weak,382253,51444781.36558,2026-03-27T07:00:00+00:00,0.09802,2026-03-27T05:15:00+00:00,0.09962,11.272836779763107,3.1583307445376407,9.824525607018977,0.673331973066729,55.05586912404327,1019.9500333333333,7.000000000000001,7.000000000000001,tp,2026-03-27T17:25:08.047000+00:00,0.09115859999999999,7.0000000000000036,625.1341166666666
ENAUSDT,2026-03-27,extra_candidate,weak,382253,51444781.36558,2026-03-27T07:00:00+00:00,0.09802,2026-03-27T05:15:00+00:00,0.09962,11.272836779763107,3.1583307445376407,9.824525607018977,0.673331973066729,55.05586912404327,1019.9500333333333,8.0,1.0,tp,2026-03-27T18:14:00.897000+00:00,0.0901784,7.99999999999999,674.01495
ENAUSDT,2026-03-27,extra_candidate,weak,382253,51444781.36558,2026-03-27T07:00:00+00:00,0.09802,2026-03-27T05:15:00+00:00,0.09962,11.272836779763107,3.1583307445376407,9.824525607018977,0.673331973066729,55.05586912404327,1019.9500333333333,8.0,1.5,tp,2026-03-27T18:14:00.897000+00:00,0.0901784,7.99999999999999,674.01495
ENAUSDT,2026-03-27,extra_candidate,weak,382253,51444781.36558,2026-03-27T07:00:00+00:00,0.09802,2026-03-27T05:15:00+00:00,0.09962,11.272836779763107,3.1583307445376407,9.824525607018977,0.673331973066729,55.05586912404327,1019.9500333333333,8.0,2.0,tp,2026-03-27T18:14:00.897000+00:00,0.0901784,7.99999999999999,674.01495
ENAUSDT,2026-03-27,extra_candidate,weak,382253,51444781.36558,2026-03-27T07:00:00+00:00,0.09802,2026-03-27T05:15:00+00:00,0.09962,11.272836779763107,3.1583307445376407,9.824525607018977,0.673331973066729,55.05586912404327,1019.9500333333333,8.0,2.5,tp,2026-03-27T18:14:00.897000+00:00,0.0901784,7.99999999999999,674.01495
ENAUSDT,2026-03-27,extra_candidate,weak,382253,51444781.36558,2026-03-27T07:00:00+00:00,0.09802,2026-03-27T05:15:00+00:00,0.09962,11.272836779763107,3.1583307445376407,9.824525607018977,0.673331973066729,55.05586912404327,1019.9500333333333,8.0,3.0,tp,2026-03-27T18:14:00.897000+00:00,0.0901784,7.99999999999999,674.01495
ENAUSDT,2026-03-27,extra_candidate,weak,382253,51444781.36558,2026-03-27T07:00:00+00:00,0.09802,2026-03-27T05:15:00+00:00,0.09962,11.272836779763107,3.1583307445376407,9.824525607018977,0.673331973066729,55.05586912404327,1019.9500333333333,8.0,4.0,tp,2026-03-27T18:14:00.897000+00:00,0.0901784,7.99999999999999,674.01495
ENAUSDT,2026-03-27,extra_candidate,weak,382253,51444781.36558,2026-03-27T07:00:00+00:00,0.09802,2026-03-27T05:15:00+00:00,0.09962,11.272836779763107,3.1583307445376407,9.824525607018977,0.673331973066729,55.05586912404327,1019.9500333333333,8.0,5.0,tp,2026-03-27T18:14:00.897000+00:00,0.0901784,7.99999999999999,674.01495
ENAUSDT,2026-03-27,extra_candidate,weak,382253,51444781.36558,2026-03-27T07:00:00+00:00,0.09802,2026-03-27T05:15:00+00:00,0.09962,11.272836779763107,3.1583307445376407,9.824525607018977,0.673331973066729,55.05586912404327,1019.9500333333333,8.0,7.000000000000001,tp,2026-03-27T18:14:00.897000+00:00,0.0901784,7.99999999999999,674.01495
ENAUSDT,2026-03-27,extra_candidate,weak,382253,51444781.36558,2026-03-27T07:00:00+00:00,0.09802,2026-03-27T05:15:00+00:00,0.09962,11.272836779763107,3.1583307445376407,9.824525607018977,0.673331973066729,55.05586912404327,1019.9500333333333,10.0,1.0,eod,2026-03-27T23:59:57.002000+00:00,0.08894,9.263415629463365,1019.9500333333333
ENAUSDT,2026-03-27,extra_candidate,weak,382253,51444781.36558,2026-03-27T07:00:00+00:00,0.09802,2026-03-27T05:15:00+00:00,0.09962,11.272836779763107,3.1583307445376407,9.824525607018977,0.673331973066729,55.05586912404327,1019.9500333333333,10.0,1.5,eod,2026-03-27T23:59:57.002000+00:00,0.08894,9.263415629463365,1019.9500333333333
ENAUSDT,2026-03-27,extra_candidate,weak,382253,51444781.36558,2026-03-27T07:00:00+00:00,0.09802,2026-03-27T05:15:00+00:00,0.09962,11.272836779763107,3.1583307445376407,9.824525607018977,0.673331973066729,55.05586912404327,1019.9500333333333,10.0,2.0,eod,2026-03-27T23:59:57.002000+00:00,0.08894,9.263415629463365,1019.9500333333333
ENAUSDT,2026-03-27,extra_candidate,weak,382253,51444781.36558,2026-03-27T07:00:00+00:00,0.09802,2026-03-27T05:15:00+00:00,0.09962,11.272836779763107,3.1583307445376407,9.824525607018977,0.673331973066729,55.05586912404327,1019.9500333333333,10.0,2.5,eod,2026-03-27T23:59:57.002000+00:00,0.08894,9.263415629463365,1019.9500333333333
ENAUSDT,2026-03-27,extra_candidate,weak,382253,51444781.36558,2026-03-27T07:00:00+00:00,0.09802,2026-03-27T05:15:00+00:00,0.09962,11.272836779763107,3.1583307445376407,9.824525607018977,0.673331973066729,55.05586912404327,1019.9500333333333,10.0,3.0,eod,2026-03-27T23:59:57.002000+00:00,0.08894,9.263415629463365,1019.9500333333333
ENAUSDT,2026-03-27,extra_candidate,weak,382253,51444781.36558,2026-03-27T07:00:00+00:00,0.09802,2026-03-27T05:15:00+00:00,0.09962,11.272836779763107,3.1583307445376407,9.824525607018977,0.673331973066729,55.05586912404327,1019.9500333333333,10.0,4.0,eod,2026-03-27T23:59:57.002000+00:00,0.08894,9.263415629463365,1019.9500333333333
ENAUSDT,2026-03-27,extra_candidate,weak,382253,51444781.36558,2026-03-27T07:00:00+00:00,0.09802,2026-03-27T05:15:00+00:00,0.09962,11.272836779763107,3.1583307445376407,9.824525607018977,0.673331973066729,55.05586912404327,1019.9500333333333,10.0,5.0,eod,2026-03-27T23:59:57.002000+00:00,0.08894,9.263415629463365,1019.9500333333333
ENAUSDT,2026-03-27,extra_candidate,weak,382253,51444781.36558,2026-03-27T07:00:00+00:00,0.09802,2026-03-27T05:15:00+00:00,0.09962,11.272836779763107,3.1583307445376407,9.824525607018977,0.673331973066729,55.05586912404327,1019.9500333333333,10.0,7.000000000000001,eod,2026-03-27T23:59:57.002000+00:00,0.08894,9.263415629463365,1019.9500333333333
ENAUSDT,2026-03-27,extra_candidate,weak,382253,51444781.36558,2026-03-27T07:00:00+00:00,0.09802,2026-03-27T05:15:00+00:00,0.09962,11.272836779763107,3.1583307445376407,9.824525607018977,0.673331973066729,55.05586912404327,1019.9500333333333,12.0,1.0,eod,2026-03-27T23:59:57.002000+00:00,0.08894,9.263415629463365,1019.9500333333333
ENAUSDT,2026-03-27,extra_candidate,weak,382253,51444781.36558,2026-03-27T07:00:00+00:00,0.09802,2026-03-27T05:15:00+00:00,0.09962,11.272836779763107,3.1583307445376407,9.824525607018977,0.673331973066729,55.05586912404327,1019.9500333333333,12.0,1.5,eod,2026-03-27T23:59:57.002000+00:00,0.08894,9.263415629463365,1019.9500333333333
ENAUSDT,2026-03-27,extra_candidate,weak,382253,51444781.36558,2026-03-27T07:00:00+00:00,0.09802,2026-03-27T05:15:00+00:00,0.09962,11.272836779763107,3.1583307445376407,9.824525607018977,0.673331973066729,55.05586912404327,1019.9500333333333,12.0,2.0,eod,2026-03-27T23:59:57.002000+00:00,0.08894,9.263415629463365,1019.9500333333333
ENAUSDT,2026-03-27,extra_candidate,weak,382253,51444781.36558,2026-03-27T07:00:00+00:00,0.09802,2026-03-27T05:15:00+00:00,0.09962,11.272836779763107,3.1583307445376407,9.824525607018977,0.673331973066729,55.05586912404327,1019.9500333333333,12.0,2.5,eod,2026-03-27T23:59:57.002000+00:00,0.08894,9.263415629463365,1019.9500333333333
ENAUSDT,2026-03-27,extra_candidate,weak,382253,51444781.36558,2026-03-27T07:00:00+00:00,0.09802,2026-03-27T05:15:00+00:00,0.09962,11.272836779763107,3.1583307445376407,9.824525607018977,0.673331973066729,55.05586912404327,1019.9500333333333,12.0,3.0,eod,2026-03-27T23:59:57.002000+00:00,0.08894,9.263415629463365,1019.9500333333333
ENAUSDT,2026-03-27,extra_candidate,weak,382253,51444781.36558,2026-03-27T07:00:00+00:00,0.09802,2026-03-27T05:15:00+00:00,0.09962,11.272836779763107,3.1583307445376407,9.824525607018977,0.673331973066729,55.05586912404327,1019.9500333333333,12.0,4.0,eod,2026-03-27T23:59:57.002000+00:00,0.08894,9.263415629463365,1019.9500333333333
ENAUSDT,2026-03-27,extra_candidate,weak,382253,51444781.36558,2026-03-27T07:00:00+00:00,0.09802,2026-03-27T05:15:00+00:00,0.09962,11.272836779763107,3.1583307445376407,9.824525607018977,0.673331973066729,55.05586912404327,1019.9500333333333,12.0,5.0,eod,2026-03-27T23:59:57.002000+00:00,0.08894,9.263415629463365,1019.9500333333333
ENAUSDT,2026-03-27,extra_candidate,weak,382253,51444781.36558,2026-03-27T07:00:00+00:00,0.09802,2026-03-27T05:15:00+00:00,0.09962,11.272836779763107,3.1583307445376407,9.824525607018977,0.673331973066729,55.05586912404327,1019.9500333333333,12.0,7.000000000000001,eod,2026-03-27T23:59:57.002000+00:00,0.08894,9.263415629463365,1019.9500333333333
ENAUSDT,2026-03-27,extra_candidate,weak,382253,51444781.36558,2026-03-27T07:00:00+00:00,0.09802,2026-03-27T05:15:00+00:00,0.09962,11.272836779763107,3.1583307445376407,9.824525607018977,0.673331973066729,55.05586912404327,1019.9500333333333,15.0,1.0,eod,2026-03-27T23:59:57.002000+00:00,0.08894,9.263415629463365,1019.9500333333333
ENAUSDT,2026-03-27,extra_candidate,weak,382253,51444781.36558,2026-03-27T07:00:00+00:00,0.09802,2026-03-27T05:15:00+00:00,0.09962,11.272836779763107,3.1583307445376407,9.824525607018977,0.673331973066729,55.05586912404327,1019.9500333333333,15.0,1.5,eod,2026-03-27T23:59:57.002000+00:00,0.08894,9.263415629463365,1019.9500333333333
ENAUSDT,2026-03-27,extra_candidate,weak,382253,51444781.36558,2026-03-27T07:00:00+00:00,0.09802,2026-03-27T05:15:00+00:00,0.09962,11.272836779763107,3.1583307445376407,9.824525607018977,0.673331973066729,55.05586912404327,1019.9500333333333,15.0,2.0,eod,2026-03-27T23:59:57.002000+00:00,0.08894,9.263415629463365,1019.9500333333333
ENAUSDT,2026-03-27,extra_candidate,weak,382253,51444781.36558,2026-03-27T07:00:00+00:00,0.09802,2026-03-27T05:15:00+00:00,0.09962,11.272836779763107,3.1583307445376407,9.824525607018977,0.673331973066729,55.05586912404327,1019.9500333333333,15.0,2.5,eod,2026-03-27T23:59:57.002000+00:00,0.08894,9.263415629463365,1019.9500333333333
ENAUSDT,2026-03-27,extra_candidate,weak,382253,51444781.36558,2026-03-27T07:00:00+00:00,0.09802,2026-03-27T05:15:00+00:00,0.09962,11.272836779763107,3.1583307445376407,9.824525607018977,0.673331973066729,55.05586912404327,1019.9500333333333,15.0,3.0,eod,2026-03-27T23:59:57.002000+00:00,0.08894,9.263415629463365,1019.9500333333333
ENAUSDT,2026-03-27,extra_candidate,weak,382253,51444781.36558,2026-03-27T07:00:00+00:00,0.09802,2026-03-27T05:15:00+00:00,0.09962,11.272836779763107,3.1583307445376407,9.824525607018977,0.673331973066729,55.05586912404327,1019.9500333333333,15.0,4.0,eod,2026-03-27T23:59:57.002000+00:00,0.08894,9.263415629463365,1019.9500333333333
ENAUSDT,2026-03-27,extra_candidate,weak,382253,51444781.36558,2026-03-27T07:00:00+00:00,0.09802,2026-03-27T05:15:00+00:00,0.09962,11.272836779763107,3.1583307445376407,9.824525607018977,0.673331973066729,55.05586912404327,1019.9500333333333,15.0,5.0,eod,2026-03-27T23:59:57.002000+00:00,0.08894,9.263415629463365,1019.9500333333333
ENAUSDT,2026-03-27,extra_candidate,weak,382253,51444781.36558,2026-03-27T07:00:00+00:00,0.09802,2026-03-27T05:15:00+00:00,0.09962,11.272836779763107,3.1583307445376407,9.824525607018977,0.673331973066729,55.05586912404327,1019.9500333333333,15.0,7.000000000000001,eod,2026-03-27T23:59:57.002000+00:00,0.08894,9.263415629463365,1019.9500333333333
ENAUSDT,2026-03-27,extra_candidate,weak,382253,51444781.36558,2026-03-27T07:00:00+00:00,0.09802,2026-03-27T05:15:00+00:00,0.09962,11.272836779763107,3.1583307445376407,9.824525607018977,0.673331973066729,55.05586912404327,1019.9500333333333,20.0,1.0,eod,2026-03-27T23:59:57.002000+00:00,0.08894,9.263415629463365,1019.9500333333333
ENAUSDT,2026-03-27,extra_candidate,weak,382253,51444781.36558,2026-03-27T07:00:00+00:00,0.09802,2026-03-27T05:15:00+00:00,0.09962,11.272836779763107,3.1583307445376407,9.824525607018977,0.673331973066729,55.05586912404327,1019.9500333333333,20.0,1.5,eod,2026-03-27T23:59:57.002000+00:00,0.08894,9.263415629463365,1019.9500333333333
ENAUSDT,2026-03-27,extra_candidate,weak,382253,51444781.36558,2026-03-27T07:00:00+00:00,0.09802,2026-03-27T05:15:00+00:00,0.09962,11.272836779763107,3.1583307445376407,9.824525607018977,0.673331973066729,55.05586912404327,1019.9500333333333,20.0,2.0,eod,2026-03-27T23:59:57.002000+00:00,0.08894,9.263415629463365,1019.9500333333333
ENAUSDT,2026-03-27,extra_candidate,weak,382253,51444781.36558,2026-03-27T07:00:00+00:00,0.09802,2026-03-27T05:15:00+00:00,0.09962,11.272836779763107,3.1583307445376407,9.824525607018977,0.673331973066729,55.05586912404327,1019.9500333333333,20.0,2.5,eod,2026-03-27T23:59:57.002000+00:00,0.08894,9.263415629463365,1019.9500333333333
ENAUSDT,2026-03-27,extra_candidate,weak,382253,51444781.36558,2026-03-27T07:00:00+00:00,0.09802,2026-03-27T05:15:00+00:00,0.09962,11.272836779763107,3.1583307445376407,9.824525607018977,0.673331973066729,55.05586912404327,1019.9500333333333,20.0,3.0,eod,2026-03-27T23:59:57.002000+00:00,0.08894,9.263415629463365,1019.9500333333333
ENAUSDT,2026-03-27,extra_candidate,weak,382253,51444781.36558,2026-03-27T07:00:00+00:00,0.09802,2026-03-27T05:15:00+00:00,0.09962,11.272836779763107,3.1583307445376407,9.824525607018977,0.673331973066729,55.05586912404327,1019.9500333333333,20.0,4.0,eod,2026-03-27T23:59:57.002000+00:00,0.08894,9.263415629463365,1019.9500333333333
ENAUSDT,2026-03-27,extra_candidate,weak,382253,51444781.36558,2026-03-27T07:00:00+00:00,0.09802,2026-03-27T05:15:00+00:00,0.09962,11.272836779763107,3.1583307445376407,9.824525607018977,0.673331973066729,55.05586912404327,1019.9500333333333,20.0,5.0,eod,2026-03-27T23:59:57.002000+00:00,0.08894,9.263415629463365,1019.9500333333333
ENAUSDT,2026-03-27,extra_candidate,weak,382253,51444781.36558,2026-03-27T07:00:00+00:00,0.09802,2026-03-27T05:15:00+00:00,0.09962,11.272836779763107,3.1583307445376407,9.824525607018977,0.673331973066729,55.05586912404327,1019.9500333333333,20.0,7.000000000000001,eod,2026-03-27T23:59:57.002000+00:00,0.08894,9.263415629463365,1019.9500333333333
